CustomerID,Recency,Frequency,Monetary,R_Score,F_Score,M_Score,RFM,Cluster,Cluster_Segment
12346.0,325,1,77183.6,1,1,5,115,4,At Risk
12347.0,1,7,4310.0,5,5,5,555,1,Loyal Customers
12348.0,74,4,1797.24,2,4,4,244,4,At Risk
12349.0,18,1,1757.55,4,1,4,414,0,New Customers
12350.0,309,1,334.4,1,1,2,112,2,Lost Customers
12352.0,35,8,2506.04,3,5,5,355,1,Loyal Customers
12353.0,203,1,89.0,1,1,1,111,2,Lost Customers
12354.0,231,1,1079.4,1,1,4,114,4,At Risk
12355.0,213,1,459.4,1,1,2,112,2,Lost Customers
12356.0,22,3,2811.43,4,3,5,435,1,Loyal Customers
12357.0,32,1,6207.67,4,1,5,415,4,At Risk
12358.0,1,2,1168.06,5,2,4,524,1,Loyal Customers
12359.0,57,4,6372.58,3,4,5,345,4,At Risk
12360.0,51,3,2662.06,3,3,5,335,4,At Risk
12361.0,286,1,189.9,1,1,1,111,2,Lost Customers
12362.0,2,10,5226.23,5,5,5,555,3,champions
12363.0,109,2,552.0,2,2,3,223,4,At Risk
12364.0,7,4,1313.1,5,4,4,544,1,Loyal Customers
12365.0,290,2,641.38,1,2,3,123,2,Lost Customers
12367.0,3,1,168.9,5,1,1,511,0,New Customers
12370.0,50,4,3545.69,3,4,5,345,4,At Risk
12371.0,44,2,1887.96,3,2,4,324,4,At Risk
12372.0,71,3,1298.04,3,3,4,334,4,At Risk
12373.0,310,1,364.6,1,1,2,112,2,Lost Customers
12374.0,24,1,742.9300000000001,4,1,3,413,0,New Customers
12375.0,10,2,457.5,5,2,2,522,0,New Customers
12377.0,314,2,1628.12,1,2,4,124,4,At Risk
12378.0,129,1,4008.62,2,1,5,215,4,At Risk
12379.0,81,2,852.24,2,2,3,223,4,At Risk
12380.0,21,4,2724.81,4,4,5,445,1,Loyal Customers
12381.0,4,5,1845.31,5,4,4,544,1,Loyal Customers
12383.0,184,5,1850.56,1,4,4,144,4,At Risk
12384.0,28,2,585.27,4,2,3,423,0,New Customers
12386.0,337,2,401.9,1,2,2,122,2,Lost Customers
12388.0,15,6,2780.66,4,4,5,445,1,Loyal Customers
12390.0,79,1,549.84,2,1,3,213,2,Lost Customers
12391.0,21,1,460.89,4,1,2,412,0,New Customers
12393.0,71,4,1582.6000000000001,3,4,4,344,4,At Risk
12394.0,63,2,1272.48,3,2,4,324,4,At Risk
12395.0,18,12,3018.63,4,5,5,455,3,champions
12397.0,35,2,2409.9,3,2,5,325,4,At Risk
12398.0,45,1,1635.6599999999999,3,1,4,314,4,At Risk
12399.0,118,4,1108.65,2,4,4,244,4,At Risk
12401.0,302,1,84.3,1,1,1,111,2,Lost Customers
12402.0,322,1,225.6,1,1,1,111,2,Lost Customers
12403.0,49,1,427.7,3,1,2,312,0,New Customers
12405.0,148,1,1710.39,2,1,4,214,4,At Risk
12406.0,21,2,3415.3,4,2,5,425,1,Loyal Customers
12407.0,49,5,1708.1200000000001,3,4,4,344,4,At Risk
12408.0,32,5,2888.55,4,4,5,445,1,Loyal Customers
12409.0,78,3,11072.67,2,3,5,235,4,At Risk
12410.0,308,2,693.3299999999999,1,2,3,123,2,Lost Customers
12412.0,74,3,1226.88,2,3,4,234,4,At Risk
12413.0,66,3,758.1,3,3,3,333,4,At Risk
12414.0,216,3,562.41,1,3,3,133,4,At Risk
12415.0,23,21,124914.53,4,5,5,455,3,champions
12417.0,2,9,3649.1,5,5,5,555,3,champions
12418.0,112,1,668.58,2,1,3,213,2,Lost Customers
12420.0,63,1,600.39,3,1,3,313,0,New Customers
12421.0,15,4,807.04,4,4,3,443,1,Loyal Customers
12422.0,95,3,803.5600000000001,2,3,3,233,4,At Risk
12423.0,0,8,1859.31,5,5,4,554,1,Loyal Customers
12424.0,162,2,1760.96,2,2,4,224,4,At Risk
12425.0,77,1,777.2,2,1,3,213,4,At Risk
12426.0,194,1,582.73,1,1,3,113,2,Lost Customers
12427.0,21,3,825.8,4,3,3,433,0,New Customers
12428.0,25,9,7956.46,4,5,5,455,3,champions
12429.0,8,4,3750.4,5,4,5,545,1,Loyal Customers
12430.0,42,1,256.4,3,1,2,312,0,New Customers
12431.0,35,15,6487.45,3,5,5,355,3,champions
12432.0,42,5,5059.32,3,4,5,345,1,Loyal Customers
12433.0,0,7,13375.87,5,5,5,555,3,champions
12434.0,84,2,806.14,2,2,3,223,4,At Risk
12435.0,79,2,7829.89,2,2,5,225,4,At Risk
12436.0,99,1,509.01,2,1,3,213,2,Lost Customers
12437.0,1,18,4951.41,5,5,5,555,3,champions
12438.0,13,2,2906.85,4,2,5,425,1,Loyal Customers
12441.0,366,1,173.55,1,1,1,111,2,Lost Customers
12442.0,2,1,172.06,5,1,1,511,0,New Customers
12444.0,20,5,5005.46,4,4,5,445,1,Loyal Customers
12445.0,21,1,133.4,4,1,1,411,0,New Customers
12446.0,57,1,1002.3100000000001,3,1,4,314,4,At Risk
12447.0,242,1,476.49,1,1,2,112,2,Lost Customers
12448.0,43,1,449.45,3,1,2,312,0,New Customers
12449.0,21,4,4067.29,4,4,5,445,1,Loyal Customers
12450.0,155,2,197.88,2,2,1,221,2,Lost Customers
12451.0,10,5,9035.52,5,4,5,545,1,Loyal Customers
12452.0,16,2,430.57,4,2,2,422,0,New Customers
12453.0,133,1,707.09,2,1,3,213,2,Lost Customers
12454.0,55,1,3528.34,3,1,5,315,4,At Risk
12455.0,72,6,2466.86,2,4,5,245,4,At Risk
12456.0,43,3,3181.04,3,3,5,335,4,At Risk
12457.0,65,7,2363.23,3,5,5,355,1,Loyal Customers
12458.0,70,2,947.4,3,2,4,324,4,At Risk
12461.0,93,2,826.88,2,2,3,223,4,At Risk
12462.0,18,2,1189.59,4,2,4,424,0,New Customers
12463.0,52,4,1344.78,3,4,4,344,4,At Risk
12464.0,9,8,1212.05,5,5,4,554,1,Loyal Customers
12465.0,16,2,742.1899999999999,4,2,3,423,0,New Customers
12468.0,187,2,729.5400000000001,1,2,3,123,4,At Risk
12471.0,1,30,19824.05,5,5,5,555,3,champions
12472.0,31,7,6572.11,4,5,5,455,1,Loyal Customers
12473.0,28,5,3938.5499999999997,4,4,5,445,1,Loyal Customers
12474.0,16,18,7375.79,4,5,5,455,3,champions
12475.0,53,1,723.38,3,1,3,313,0,New Customers
12476.0,15,11,6816.42,4,5,5,455,3,champions
12477.0,22,6,13219.74,4,4,5,445,1,Loyal Customers
12478.0,3,1,680.99,5,1,3,513,0,New Customers
12479.0,10,1,527.2,5,1,3,513,0,New Customers
12480.0,27,4,3281.63,4,4,5,445,1,Loyal Customers
12481.0,22,10,5596.32,4,5,5,455,3,champions
12483.0,16,8,2484.98,4,5,5,455,1,Loyal Customers
12484.0,32,6,4541.72,4,4,5,445,1,Loyal Customers
12488.0,9,3,1298.66,5,3,4,534,1,Loyal Customers
12489.0,335,1,334.93,1,1,2,112,2,Lost Customers
12490.0,4,10,5417.93,5,5,5,555,3,champions
12491.0,38,1,460.40000000000003,3,1,2,312,0,New Customers
12492.0,62,2,263.21000000000004,3,2,2,322,0,New Customers
12493.0,165,2,433.74,2,2,2,222,2,Lost Customers
12494.0,15,7,1246.1000000000001,4,5,4,454,1,Loyal Customers
12497.0,81,1,1043.1,2,1,4,214,4,At Risk
12498.0,20,3,403.70000000000005,4,3,2,432,0,New Customers
12500.0,22,11,4257.82,4,5,5,455,3,champions
12501.0,336,1,2169.39,1,1,5,115,4,At Risk
12502.0,95,5,3723.87,2,4,5,245,4,At Risk
12504.0,17,2,482.04999999999995,4,2,2,422,0,New Customers
12506.0,232,1,73.5,1,1,1,111,2,Lost Customers
12507.0,133,3,1304.81,2,3,4,234,4,At Risk
12508.0,25,2,398.27,4,2,2,422,0,New Customers
12509.0,283,1,176.5,1,1,1,111,2,Lost Customers
12510.0,142,2,982.5699999999999,2,2,4,224,4,At Risk
12512.0,65,2,138.03,3,2,1,321,2,Lost Customers
12513.0,112,1,612.29,2,1,3,213,2,Lost Customers
12514.0,266,1,1017.68,1,1,4,114,2,Lost Customers
12515.0,352,1,383.7,1,1,2,112,2,Lost Customers
12516.0,77,2,1312.06,2,2,4,224,4,At Risk
12517.0,27,5,2502.84,4,4,5,445,1,Loyal Customers
12518.0,0,5,2056.89,5,4,4,544,1,Loyal Customers
12519.0,63,1,340.84,3,1,2,312,0,New Customers
12520.0,78,5,2634.26,2,4,5,245,4,At Risk
12521.0,142,1,599.68,2,1,3,213,2,Lost Customers
12522.0,38,2,192.72,3,2,1,321,0,New Customers
12523.0,18,11,1789.77,4,5,4,454,1,Loyal Customers
12524.0,8,8,4485.72,5,5,5,555,1,Loyal Customers
12526.0,0,3,1316.66,5,3,4,534,1,Loyal Customers
12527.0,81,3,348.71000000000004,2,3,2,232,4,At Risk
12528.0,8,6,1933.48,5,5,4,554,1,Loyal Customers
12530.0,59,4,1662.28,3,4,4,344,4,At Risk
12531.0,14,1,125.22,4,1,1,411,0,New Customers
12532.0,29,1,349.83000000000004,4,1,2,412,0,New Customers
12534.0,130,1,1089.18,2,1,4,214,4,At Risk
12535.0,91,2,716.35,2,2,3,223,4,At Risk
12536.0,42,3,12601.830000000002,3,3,5,335,1,Loyal Customers
12538.0,28,1,363.95,4,1,2,412,0,New Customers
12539.0,21,4,5568.35,4,4,5,445,1,Loyal Customers
12540.0,19,17,13400.24,4,5,5,455,3,champions
12541.0,29,3,981.18,4,3,4,434,4,At Risk
12544.0,35,1,372.7,3,1,2,312,0,New Customers
12545.0,74,2,1000.39,2,2,4,224,4,At Risk
12546.0,46,2,1161.5,3,2,4,324,4,At Risk
12547.0,197,2,207.79999999999998,1,2,1,121,2,Lost Customers
12548.0,165,1,95.19999999999999,2,1,1,211,2,Lost Customers
12550.0,78,1,964.83,2,1,4,214,4,At Risk
12551.0,357,1,168.0,1,1,1,111,2,Lost Customers
12552.0,38,2,437.82,3,2,2,322,0,New Customers
12553.0,7,10,3692.28,5,5,5,555,3,champions
12556.0,49,2,603.71,3,2,3,323,4,At Risk
12557.0,15,5,11990.960000000001,4,4,5,445,1,Loyal Customers
12558.0,7,1,269.96,5,1,2,512,0,New Customers
12559.0,310,2,561.71,1,2,3,123,2,Lost Customers
12560.0,4,3,2134.01,5,3,5,535,1,Loyal Customers
12561.0,302,1,238.85,1,1,1,111,2,Lost Customers
12562.0,7,7,3781.7400000000002,5,5,5,555,1,Loyal Customers
12564.0,260,1,456.9,1,1,2,112,2,Lost Customers
12565.0,288,1,145.92,1,1,1,111,2,Lost Customers
12566.0,85,1,351.65,2,1,2,212,2,Lost Customers
12567.0,22,10,9401.28,4,5,5,455,3,champions
12569.0,1,32,4124.69,5,5,5,555,3,champions
12571.0,39,2,519.61,3,2,3,323,0,New Customers
12572.0,8,2,1020.42,5,2,4,524,0,New Customers
12573.0,226,1,160.54000000000002,1,1,1,111,2,Lost Customers
12574.0,315,1,218.45,1,1,1,111,2,Lost Customers
12576.0,35,5,1315.83,3,4,4,344,1,Loyal Customers
12577.0,34,3,657.8,3,3,3,333,4,At Risk
12578.0,20,2,2794.51,4,2,5,425,1,Loyal Customers
12579.0,77,1,440.42,2,1,2,212,2,Lost Customers
12580.0,246,1,415.7,1,1,2,112,2,Lost Customers
12581.0,39,1,197.71,3,1,1,311,0,New Customers
12582.0,238,2,511.36,1,2,3,123,2,Lost Customers
12583.0,2,15,7281.38,5,5,5,555,3,champions
12584.0,3,9,2338.15,5,5,5,555,1,Loyal Customers
12585.0,233,2,2040.1,1,2,4,124,4,At Risk
12586.0,16,1,196.94000000000003,4,1,1,411,0,New Customers
12587.0,7,1,144.0,5,1,1,511,0,New Customers
12588.0,38,1,214.89999999999998,3,1,1,311,0,New Customers
12589.0,28,2,646.68,4,2,3,423,0,New Customers
12590.0,210,2,9864.26,1,2,5,125,4,At Risk
12591.0,316,1,452.84999999999997,1,1,2,112,2,Lost Customers
12592.0,91,2,437.6,2,2,2,222,4,At Risk
12593.0,108,3,418.09999999999997,2,3,2,232,4,At Risk
12594.0,37,10,3338.2200000000003,3,5,5,355,1,Loyal Customers
12596.0,50,2,618.27,3,2,3,323,4,At Risk
12597.0,18,4,3811.22,4,4,5,445,1,Loyal Customers
12598.0,9,8,3023.08,5,5,5,555,1,Loyal Customers
12599.0,28,7,1032.58,4,5,4,454,1,Loyal Customers
12600.0,28,10,2599.04,4,5,5,455,1,Loyal Customers
12601.0,189,5,577.0600000000001,1,4,3,143,4,At Risk
12602.0,58,1,153.12,3,1,1,311,2,Lost Customers
12603.0,21,1,739.1999999999999,4,1,3,413,0,New Customers
12604.0,78,2,254.18,2,2,2,222,2,Lost Customers
12607.0,59,1,1579.51,3,1,4,314,4,At Risk
12609.0,77,3,1126.85,2,3,4,234,4,At Risk
12610.0,22,5,2099.54,4,4,5,445,1,Loyal Customers
12611.0,51,1,1193.32,3,1,4,314,4,At Risk
12612.0,73,1,704.0400000000001,2,1,3,213,4,At Risk
12613.0,56,5,3344.38,3,4,5,345,4,At Risk
12614.0,277,1,315.6,1,1,2,112,2,Lost Customers
12615.0,1,4,2291.19,5,4,5,545,1,Loyal Customers
12616.0,94,2,713.3,2,2,3,223,4,At Risk
12617.0,28,1,355.53,4,1,2,412,0,New Customers
12618.0,21,1,177.31,4,1,1,411,0,New Customers
12619.0,15,9,3641.24,4,5,5,455,1,Loyal Customers
12620.0,14,3,1339.41,4,3,4,434,1,Loyal Customers
12621.0,1,20,13689.67,5,5,5,555,3,champions
12622.0,231,1,180.1,1,1,1,111,2,Lost Customers
12623.0,275,1,305.1,1,1,2,112,2,Lost Customers
12624.0,105,2,641.13,2,2,3,223,4,At Risk
12625.0,211,2,2683.82,1,2,5,125,4,At Risk
12626.0,22,9,6620.48,4,5,5,455,3,champions
12627.0,10,7,4478.53,5,5,5,555,1,Loyal Customers
12628.0,3,3,786.46,5,3,3,533,1,Loyal Customers
12630.0,9,2,1270.88,5,2,4,524,1,Loyal Customers
12631.0,56,1,640.5,3,1,3,313,0,New Customers
12633.0,58,4,2163.98,3,4,5,345,4,At Risk
12635.0,89,2,1689.18,2,2,4,224,4,At Risk
12637.0,66,8,6021.9,3,5,5,355,1,Loyal Customers
12638.0,32,1,671.69,4,1,3,413,0,New Customers
12639.0,238,1,486.1,1,1,2,112,2,Lost Customers
12640.0,23,3,1174.58,4,3,4,434,1,Loyal Customers
12641.0,114,1,185.9,2,1,1,211,2,Lost Customers
12642.0,24,3,1013.26,4,3,4,434,4,At Risk
12643.0,127,6,3344.64,2,5,5,255,4,At Risk
12644.0,129,1,477.91,2,1,2,212,2,Lost Customers
12645.0,33,4,1775.18,3,4,4,344,1,Loyal Customers
12646.0,4,2,1346.97,5,2,4,524,1,Loyal Customers
12647.0,21,12,3722.82,4,5,5,455,3,champions
12648.0,154,1,318.05,2,1,2,212,2,Lost Customers
12649.0,106,3,623.51,2,3,3,233,4,At Risk
12650.0,2,1,314.44,5,1,2,512,0,New Customers
12651.0,334,1,114.0,1,1,1,111,2,Lost Customers
12652.0,330,1,919.98,1,1,3,113,2,Lost Customers
12653.0,148,2,2209.85,2,2,5,225,4,At Risk
12654.0,10,5,601.98,5,4,3,543,1,Loyal Customers
12656.0,16,5,4051.17,4,4,5,445,1,Loyal Customers
12657.0,10,4,1643.18,5,4,4,544,1,Loyal Customers
12658.0,18,1,686.05,4,1,3,413,0,New Customers
12659.0,29,1,91.68,4,1,1,411,0,New Customers
12660.0,10,1,245.1,5,1,1,511,0,New Customers
12662.0,0,11,3849.78,5,5,5,555,3,champions
12664.0,7,9,4881.88,5,5,5,555,3,champions
12665.0,324,1,63.0,1,1,1,111,2,Lost Customers
12667.0,57,1,620.13,3,1,3,313,0,New Customers
12668.0,11,4,3807.15,5,4,5,545,1,Loyal Customers
12669.0,150,3,2744.0299999999997,2,3,5,235,4,At Risk
12670.0,9,5,2996.05,5,4,5,545,1,Loyal Customers
12672.0,329,1,225.89999999999998,1,1,1,111,2,Lost Customers
12673.0,4,2,610.52,5,2,3,523,0,New Customers
12674.0,38,4,1970.6,3,4,4,344,4,At Risk
12676.0,24,6,1331.39,4,5,4,454,1,Loyal Customers
12678.0,41,12,17628.46,3,5,5,355,3,champions
12679.0,58,4,1113.02,3,4,4,344,4,At Risk
12680.0,0,4,862.81,5,4,3,543,1,Loyal Customers
12681.0,14,22,13787.54,4,5,5,455,3,champions
12682.0,3,31,12288.22,5,5,5,555,3,champions
12683.0,3,15,8476.57,5,5,5,555,3,champions
12684.0,7,7,2283.63,5,5,5,555,1,Loyal Customers
12685.0,27,6,2863.08,4,5,5,455,1,Loyal Customers
12686.0,371,1,89.14,1,1,1,111,2,Lost Customers
12688.0,113,1,4873.8099999999995,2,1,5,215,4,At Risk
12689.0,25,2,1247.61,4,2,4,424,4,At Risk
12690.0,205,1,389.01,1,1,2,112,2,Lost Customers
12691.0,27,6,1035.8,4,5,4,454,1,Loyal Customers
12693.0,126,4,855.91,2,4,3,243,4,At Risk
12694.0,69,2,869.67,3,2,3,323,4,At Risk
12695.0,6,4,582.1,5,4,3,543,1,Loyal Customers
12697.0,28,3,957.59,4,3,4,434,4,At Risk
12700.0,7,4,4939.99,5,4,5,545,1,Loyal Customers
12701.0,79,2,797.71,2,2,3,223,4,At Risk
12702.0,19,1,219.0,4,1,1,411,0,New Customers
12703.0,70,1,283.55,3,1,2,312,2,Lost Customers
12704.0,6,8,2340.84,5,5,5,555,1,Loyal Customers
12705.0,14,9,6868.29,4,5,5,455,3,champions
12707.0,291,1,603.42,1,1,3,113,2,Lost Customers
12708.0,29,10,2712.91,4,5,5,455,1,Loyal Customers
12709.0,14,15,9736.52,4,5,5,455,3,champions
12710.0,96,3,1149.02,2,3,4,234,4,At Risk
12712.0,28,13,4396.13,4,5,5,455,3,champions
12713.0,0,1,848.55,5,1,3,513,0,New Customers
12714.0,8,5,4708.86,5,4,5,545,1,Loyal Customers
12715.0,105,1,353.86,2,1,2,212,2,Lost Customers
12716.0,3,2,1053.49,5,2,4,524,1,Loyal Customers
12717.0,150,2,1030.98,2,2,4,224,4,At Risk
12718.0,70,1,238.25,3,1,1,311,2,Lost Customers
12719.0,4,2,644.95,5,2,3,523,0,New Customers
12720.0,2,25,5781.73,5,5,5,555,3,champions
12721.0,31,6,2656.13,4,5,5,455,1,Loyal Customers
12722.0,84,4,997.63,2,4,4,244,4,At Risk
12723.0,3,5,725.07,5,4,3,543,1,Loyal Customers
12724.0,4,4,1031.41,5,4,4,544,1,Loyal Customers
12725.0,370,1,427.8,1,1,2,112,2,Lost Customers
12726.0,27,7,2609.1,4,5,5,455,1,Loyal Customers
12727.0,10,7,3980.7,5,5,5,555,1,Loyal Customers
12728.0,70,4,836.33,3,4,3,343,4,At Risk
12729.0,113,1,453.01,2,1,2,212,2,Lost Customers
12731.0,23,12,18895.91,4,5,5,455,3,champions
12732.0,179,1,236.26000000000002,1,1,1,111,2,Lost Customers
12733.0,233,1,383.95,1,1,2,112,2,Lost Customers
12734.0,352,1,110.39999999999999,1,1,1,111,2,Lost Customers
12735.0,314,2,779.5699999999999,1,2,3,123,4,At Risk
12736.0,332,1,234.0,1,1,1,111,2,Lost Customers
12738.0,371,1,155.35,1,1,1,111,2,Lost Customers
12739.0,77,2,1013.04,2,2,4,224,4,At Risk
12740.0,63,1,427.6,3,1,2,312,0,New Customers
12743.0,133,2,546.43,2,2,3,223,4,At Risk
12744.0,51,7,21279.29,3,5,5,355,3,champions
12747.0,1,11,4196.01,5,5,5,555,3,champions
12748.0,0,209,33719.73,5,5,5,555,3,champions
12749.0,3,5,4090.88,5,4,5,545,1,Loyal Customers
12750.0,128,1,275.88,2,1,2,212,2,Lost Customers
12752.0,80,1,4366.78,2,1,5,215,4,At Risk
12753.0,22,6,21429.39,4,5,5,455,3,champions
12754.0,235,3,3010.74,1,3,5,135,4,At Risk
12755.0,280,2,3811.95,1,2,5,125,4,At Risk
12756.0,86,1,112.07999999999998,2,1,1,211,2,Lost Customers
12757.0,15,13,7857.1,4,5,5,455,3,champions
12758.0,116,2,2791.59,2,2,5,225,4,At Risk
12759.0,51,3,1531.44,3,3,4,334,4,At Risk
12762.0,7,2,1898.52,5,2,4,524,1,Loyal Customers
12763.0,137,2,494.08,2,2,3,223,2,Lost Customers
12764.0,316,1,1693.88,1,1,4,114,4,At Risk
12766.0,3,7,6989.63,5,5,5,555,3,champions
12769.0,238,1,1143.6,1,1,4,114,4,At Risk
12770.0,210,1,1351.45,1,1,4,114,4,At Risk
12772.0,59,1,892.47,3,1,3,313,4,At Risk
12775.0,16,5,1386.04,4,4,4,444,1,Loyal Customers
12778.0,19,6,822.23,4,5,3,453,1,Loyal Customers
12779.0,37,8,3981.36,3,5,5,355,1,Loyal Customers
12781.0,63,2,826.74,3,2,3,323,4,At Risk
12782.0,4,5,2330.92,5,4,5,545,1,Loyal Customers
12783.0,1,6,2225.91,5,5,5,555,1,Loyal Customers
12784.0,8,2,574.42,5,2,3,523,0,New Customers
12785.0,363,1,311.95,1,1,2,112,2,Lost Customers
12787.0,9,3,463.66,5,3,2,532,0,New Customers
12789.0,64,1,91.85,3,1,1,311,2,Lost Customers
12790.0,191,1,324.92,1,1,2,112,2,Lost Customers
12791.0,373,1,192.60000000000002,1,1,1,111,2,Lost Customers
12792.0,256,1,400.53999999999996,1,1,2,112,2,Lost Customers
12793.0,334,2,545.48,1,2,3,123,2,Lost Customers
12794.0,52,2,860.41,3,2,3,323,4,At Risk
12795.0,18,1,430.48,4,1,2,412,0,New Customers
12797.0,365,1,254.03,1,1,2,112,2,Lost Customers
12798.0,9,3,6977.04,5,3,5,535,1,Loyal Customers
12802.0,186,1,427.58,1,1,2,112,2,Lost Customers
12808.0,36,3,483.65000000000003,3,3,2,332,0,New Customers
12809.0,177,1,489.31,2,1,2,212,2,Lost Customers
12811.0,260,3,514.85,1,3,3,133,4,At Risk
12812.0,44,1,229.64000000000001,3,1,1,311,0,New Customers
12814.0,101,1,125.92,2,1,1,211,2,Lost Customers
12815.0,147,2,1063.46,2,2,4,224,4,At Risk
12816.0,95,2,572.2,2,2,3,223,4,At Risk
12817.0,280,1,166.04,1,1,1,111,2,Lost Customers
12818.0,261,1,1542.08,1,1,4,114,4,At Risk
12820.0,2,4,942.34,5,4,4,544,1,Loyal Customers
12821.0,213,1,92.72,1,1,1,111,2,Lost Customers
12822.0,70,2,948.88,3,2,4,324,4,At Risk
12823.0,74,5,1759.5,2,4,4,244,4,At Risk
12824.0,59,1,397.12,3,1,2,312,0,New Customers
12826.0,2,7,1474.72,5,5,4,554,1,Loyal Customers
12827.0,5,3,430.15000000000003,5,3,2,532,0,New Customers
12828.0,2,6,1018.71,5,5,4,554,1,Loyal Customers
12829.0,336,2,293.0,1,2,2,122,2,Lost Customers
12830.0,37,6,6814.64,3,5,5,355,1,Loyal Customers
12831.0,261,1,215.05,1,1,1,111,2,Lost Customers
12832.0,31,2,383.03,4,2,2,422,0,New Customers
12833.0,144,1,417.38,2,1,2,212,2,Lost Customers
12834.0,282,1,312.38,1,1,2,112,2,Lost Customers
12836.0,58,4,2612.86,3,4,5,345,4,At Risk
12837.0,172,1,134.1,2,1,1,211,2,Lost Customers
12838.0,33,2,683.13,3,2,3,323,0,New Customers
12839.0,2,14,5591.42,5,5,5,555,3,champions
12840.0,143,4,2726.77,2,4,5,245,4,At Risk
12841.0,4,25,4022.35,5,5,5,555,3,champions
12842.0,69,2,1118.99,3,2,4,324,4,At Risk
12843.0,65,8,1702.26,3,5,4,354,1,Loyal Customers
12844.0,28,2,325.96000000000004,4,2,2,422,0,New Customers
12845.0,266,4,354.09,1,4,2,142,4,At Risk
12847.0,21,1,871.54,4,1,3,413,0,New Customers
12849.0,30,2,1050.8899999999999,4,2,4,424,4,At Risk
12851.0,96,1,135.18,2,1,1,211,2,Lost Customers
12852.0,294,1,311.55,1,1,2,112,2,Lost Customers
12853.0,134,6,1957.1000000000001,2,5,4,254,4,At Risk
12854.0,78,3,1324.5,2,3,4,234,4,At Risk
12855.0,372,1,38.1,1,1,1,111,2,Lost Customers
12856.0,7,6,2179.93,5,5,5,555,1,Loyal Customers
12857.0,210,2,1106.4,1,2,4,124,4,At Risk
12863.0,51,1,521.2,3,1,3,313,0,New Customers
12864.0,137,1,147.12,2,1,1,211,2,Lost Customers
12865.0,25,2,1568.23,4,2,4,424,4,At Risk
12866.0,282,1,559.12,1,1,3,113,2,Lost Customers
12867.0,25,7,4036.82,4,5,5,455,1,Loyal Customers
12868.0,185,6,1607.0600000000002,1,5,4,154,4,At Risk
12871.0,83,2,380.64,2,2,2,222,2,Lost Customers
12872.0,326,2,599.97,1,2,3,123,2,Lost Customers
12873.0,281,1,374.0,1,1,2,112,2,Lost Customers
12875.0,142,2,343.2300000000001,2,2,2,222,2,Lost Customers
12876.0,57,2,2218.02,3,2,5,325,4,At Risk
12877.0,3,12,1535.77,5,5,4,554,1,Loyal Customers
12878.0,235,2,854.99,1,2,3,123,4,At Risk
12879.0,44,3,573.22,3,3,3,333,4,At Risk
12881.0,275,1,298.0,1,1,2,112,2,Lost Customers
12882.0,8,2,1463.04,5,2,4,524,1,Loyal Customers
12883.0,24,4,703.47,4,4,3,443,1,Loyal Customers
12884.0,87,1,309.05,2,1,2,212,2,Lost Customers
12885.0,62,3,1175.22,3,3,4,334,4,At Risk
12886.0,67,2,1378.4,3,2,4,324,4,At Risk
12888.0,213,2,354.12,1,2,2,122,2,Lost Customers
12890.0,23,1,380.46999999999997,4,1,2,412,0,New Customers
12891.0,185,3,331.0,1,3,2,132,2,Lost Customers
12893.0,30,1,188.14,4,1,1,411,0,New Customers
12895.0,41,2,372.8,3,2,2,322,0,New Customers
12897.0,204,2,216.5,1,2,1,121,2,Lost Customers
12901.0,8,28,17654.54,5,5,5,555,3,champions
12902.0,264,1,138.68,1,1,1,111,2,Lost Customers
12904.0,17,2,509.58,4,2,3,423,0,New Customers
12906.0,11,5,2919.81,5,4,5,545,1,Loyal Customers
12908.0,175,2,750.0,2,2,3,223,4,At Risk
12909.0,39,5,2178.67,3,4,5,345,1,Loyal Customers
12910.0,22,8,3075.04,4,5,5,455,1,Loyal Customers
12912.0,2,5,1662.3,5,4,4,544,1,Loyal Customers
12913.0,4,5,2483.63,5,4,5,545,1,Loyal Customers
12915.0,148,2,363.65,2,2,2,222,2,Lost Customers
12916.0,138,4,3006.15,2,4,5,245,4,At Risk
12917.0,127,1,594.0,2,1,3,213,2,Lost Customers
12919.0,7,6,1335.19,5,5,4,554,1,Loyal Customers
12920.0,16,1,164.23,4,1,1,411,0,New Customers
12921.0,8,37,16587.09,5,5,5,555,3,champions
12922.0,160,1,405.38,2,1,2,212,2,Lost Customers
12923.0,63,1,176.97,3,1,1,311,2,Lost Customers
12924.0,87,4,933.7,2,4,3,243,4,At Risk
12925.0,4,2,694.05,5,2,3,523,0,New Customers
12928.0,34,5,2062.7000000000003,3,4,5,345,1,Loyal Customers
12929.0,311,1,117.85,1,1,1,111,2,Lost Customers
12930.0,77,2,415.8,2,2,2,222,4,At Risk
12931.0,21,15,42055.96,4,5,5,455,3,champions
12933.0,23,3,607.53,4,3,3,433,0,New Customers
12935.0,1,7,2160.7,5,5,5,555,1,Loyal Customers
12936.0,16,4,1063.9,4,4,4,444,1,Loyal Customers
12937.0,14,4,1504.27,4,4,4,444,1,Loyal Customers
12938.0,25,1,114.14,4,1,1,411,0,New Customers
12939.0,63,8,11581.8,3,5,5,355,3,champions
12940.0,54,2,913.54,3,2,3,323,4,At Risk
12942.0,130,3,683.9,2,3,3,233,4,At Risk
12944.0,35,2,604.51,3,2,3,323,0,New Customers
12945.0,287,1,462.95,1,1,2,112,2,Lost Customers
12947.0,143,6,1603.99,2,5,4,254,4,At Risk
12948.0,15,7,2064.95,4,5,5,455,1,Loyal Customers
12949.0,30,8,4167.22,4,5,5,455,1,Loyal Customers
12950.0,1,3,1843.0,5,3,4,534,1,Loyal Customers
12951.0,8,6,1064.07,5,5,4,554,1,Loyal Customers
12952.0,5,4,1387.79,5,4,4,544,1,Loyal Customers
12953.0,9,1,329.85,5,1,2,512,0,New Customers
12955.0,0,11,4757.16,5,5,5,555,3,champions
12956.0,305,1,108.07,1,1,1,111,2,Lost Customers
12957.0,9,8,4017.54,5,5,5,555,1,Loyal Customers
12962.0,6,2,266.39,5,2,2,522,0,New Customers
12963.0,7,8,1856.63,5,5,4,554,1,Loyal Customers
12965.0,88,1,771.91,2,1,3,213,4,At Risk
12966.0,9,1,160.18,5,1,1,511,0,New Customers
12967.0,357,2,1660.9,1,2,4,124,4,At Risk
12968.0,111,1,135.95,2,1,1,211,2,Lost Customers
12970.0,6,4,452.24,5,4,2,542,1,Loyal Customers
12971.0,3,86,11189.91,5,5,5,555,3,champions
12974.0,197,1,144.8,1,1,1,111,2,Lost Customers
12976.0,211,1,738.6,1,1,3,113,2,Lost Customers
12977.0,155,1,39.239999999999995,2,1,1,211,2,Lost Customers
12980.0,157,9,7374.900000000001,2,5,5,255,4,At Risk
12981.0,29,2,372.21999999999997,4,2,2,422,0,New Customers
12982.0,242,1,390.54,1,1,2,112,2,Lost Customers
12984.0,18,1,97.5,4,1,1,411,0,New Customers
12985.0,0,2,1239.38,5,2,4,524,1,Loyal Customers
12987.0,73,2,558.7,2,2,3,223,4,At Risk
12988.0,291,1,535.32,1,1,3,113,2,Lost Customers
12989.0,2,15,6924.110000000001,5,5,5,555,3,champions
12990.0,30,3,409.5,4,3,2,432,0,New Customers
12991.0,22,2,503.76,4,2,3,423,0,New Customers
12993.0,22,4,414.76,4,4,2,442,0,New Customers
12994.0,3,3,974.4200000000001,5,3,4,534,1,Loyal Customers
12995.0,84,1,211.32,2,1,1,211,2,Lost Customers
12997.0,21,4,1226.89,4,4,4,444,1,Loyal Customers
12999.0,195,3,455.88,1,3,2,132,4,At Risk
13000.0,106,3,534.85,2,3,3,233,4,At Risk
13001.0,3,13,9818.82,5,5,5,555,3,champions
13002.0,317,1,120.94999999999999,1,1,1,111,2,Lost Customers
13003.0,105,3,149.05,2,3,1,231,2,Lost Customers
13004.0,11,18,5655.91,5,5,5,555,3,champions
13005.0,173,2,513.7,2,2,3,223,2,Lost Customers
13006.0,55,1,81.57,3,1,1,311,2,Lost Customers
13008.0,322,1,229.46999999999997,1,1,1,111,2,Lost Customers
13011.0,371,1,50.550000000000004,1,1,1,111,2,Lost Customers
13012.0,8,8,1661.8400000000001,5,5,4,554,1,Loyal Customers
13013.0,0,13,4810.9400000000005,5,5,5,555,3,champions
13014.0,10,10,3466.2799999999997,5,5,5,555,1,Loyal Customers
13015.0,52,5,3346.28,3,4,5,345,1,Loyal Customers
13016.0,72,3,789.89,2,3,3,233,4,At Risk
13017.0,6,1,204.0,5,1,1,511,0,New Customers
13018.0,15,28,7277.7,4,5,5,455,3,champions
13021.0,3,9,2616.38,5,5,5,555,1,Loyal Customers
13023.0,63,2,689.9,3,2,3,323,4,At Risk
13026.0,0,5,975.36,5,4,4,544,1,Loyal Customers
13027.0,113,6,6912.0,2,5,5,255,4,At Risk
13028.0,22,2,661.3199999999999,4,2,3,423,0,New Customers
13029.0,30,3,1247.5,4,3,4,434,4,At Risk
13030.0,10,2,799.48,5,2,3,523,0,New Customers
13032.0,51,2,1010.18,3,2,4,324,4,At Risk
13033.0,356,1,190.55,1,1,1,111,2,Lost Customers
13034.0,54,2,642.77,3,2,3,323,4,At Risk
13035.0,73,2,921.88,2,2,3,223,4,At Risk
13037.0,137,3,881.07,2,3,3,233,4,At Risk
13038.0,79,3,908.46,2,3,3,233,4,At Risk
13040.0,8,2,676.99,5,2,3,523,0,New Customers
13043.0,272,1,516.42,1,1,3,113,2,Lost Customers
13044.0,290,1,560.47,1,1,3,113,2,Lost Customers
13045.0,98,1,305.28000000000003,2,1,2,212,2,Lost Customers
13046.0,30,2,629.31,4,2,3,423,0,New Customers
13047.0,31,10,3237.54,4,5,5,455,1,Loyal Customers
13048.0,13,4,1835.91,4,4,4,444,1,Loyal Customers
13049.0,63,2,656.6800000000001,3,2,3,323,4,At Risk
13050.0,14,17,5836.86,4,5,5,455,3,champions
13052.0,211,1,348.15000000000003,1,1,2,112,2,Lost Customers
13055.0,77,3,1214.41,2,3,4,234,4,At Risk
13058.0,24,3,271.40000000000003,4,3,2,432,0,New Customers
13059.0,249,1,183.4,1,1,1,111,2,Lost Customers
13060.0,253,1,307.53,1,1,2,112,2,Lost Customers
13061.0,71,1,248.61,3,1,1,311,2,Lost Customers
13062.0,190,1,346.98,1,1,2,112,2,Lost Customers
13064.0,12,4,1119.49,5,4,4,544,1,Loyal Customers
13065.0,372,1,205.86,1,1,1,111,2,Lost Customers
13066.0,23,2,470.8,4,2,2,422,0,New Customers
13067.0,81,1,115.46000000000001,2,1,1,211,2,Lost Customers
13068.0,9,2,344.0,5,2,2,522,0,New Customers
13069.0,0,24,4436.12,5,5,5,555,3,champions
13070.0,191,1,228.8,1,1,1,111,2,Lost Customers
13072.0,266,1,177.15,1,1,1,111,2,Lost Customers
13075.0,129,1,919.61,2,1,3,213,4,At Risk
13077.0,0,4,729.27,5,4,3,543,1,Loyal Customers
13078.0,2,26,12627.94,5,5,5,555,3,champions
13079.0,3,5,220.10000000000002,5,4,1,541,0,New Customers
13080.0,178,1,58.08,2,1,1,211,2,Lost Customers
13081.0,11,11,28337.38,5,5,5,555,3,champions
13082.0,125,9,3613.63,2,5,5,255,4,At Risk
13083.0,3,2,303.75,5,2,2,522,0,New Customers
13085.0,157,2,416.08000000000004,2,2,2,222,2,Lost Customers
13089.0,2,97,58825.83,5,5,5,555,3,champions
13090.0,8,14,8910.82,5,5,5,555,3,champions
13091.0,27,1,345.82,4,1,2,412,0,New Customers
13092.0,70,5,477.83,3,4,2,342,4,At Risk
13093.0,275,8,7832.47,1,5,5,155,4,At Risk
13094.0,20,12,1927.3200000000002,4,5,4,454,1,Loyal Customers
13095.0,70,1,74.39999999999999,3,1,1,311,2,Lost Customers
13097.0,32,10,6010.42,4,5,5,455,3,champions
13098.0,0,28,28882.44,5,5,5,555,3,champions
13099.0,98,1,207.35999999999999,2,1,1,211,2,Lost Customers
13101.0,233,1,101.19,1,1,1,111,2,Lost Customers
13102.0,0,24,6424.09,5,5,5,555,3,champions
13103.0,39,1,243.94,3,1,1,311,0,New Customers
13104.0,2,6,1098.48,5,5,4,554,1,Loyal Customers
13106.0,132,1,76.5,2,1,1,211,2,Lost Customers
13107.0,43,4,1531.6200000000001,3,4,4,344,4,At Risk
13108.0,372,1,350.06,1,1,2,112,2,Lost Customers
13109.0,59,2,786.54,3,2,3,323,4,At Risk
13110.0,30,7,1488.67,4,5,4,454,1,Loyal Customers
13113.0,0,24,12245.960000000001,5,5,5,555,3,champions
13115.0,11,4,2294.78,5,4,5,545,1,Loyal Customers
13116.0,137,1,501.14,2,1,3,213,2,Lost Customers
13117.0,21,8,984.91,4,5,4,454,1,Loyal Customers
13118.0,19,5,1197.81,4,4,4,444,1,Loyal Customers
13120.0,238,1,30.599999999999998,1,1,1,111,2,Lost Customers
13121.0,268,1,283.73,1,1,2,112,2,Lost Customers
13122.0,93,2,922.39,2,2,3,223,4,At Risk
13124.0,89,3,3866.33,2,3,5,235,4,At Risk
13126.0,4,8,2099.64,5,5,5,555,1,Loyal Customers
13127.0,77,1,259.17,2,1,2,212,2,Lost Customers
13130.0,93,1,64.0,2,1,1,211,2,Lost Customers
13131.0,22,3,1073.3,4,3,4,434,1,Loyal Customers
13132.0,261,1,77.3,1,1,1,111,2,Lost Customers
13133.0,273,2,109.8,1,2,1,121,2,Lost Customers
13134.0,85,4,1793.58,2,4,4,244,4,At Risk
13135.0,196,1,3096.0,1,1,5,115,4,At Risk
13136.0,55,5,2607.61,3,4,5,345,4,At Risk
13137.0,10,8,3650.41,5,5,5,555,1,Loyal Customers
13138.0,21,6,962.39,4,5,4,454,1,Loyal Customers
13139.0,15,7,5064.94,4,5,5,455,1,Loyal Customers
13140.0,107,3,423.72,2,3,2,232,4,At Risk
13141.0,84,5,2388.75,2,4,5,245,4,At Risk
13142.0,18,1,307.09,4,1,2,412,0,New Customers
13144.0,332,1,110.95,1,1,1,111,2,Lost Customers
13145.0,39,4,618.52,3,4,3,343,4,At Risk
13146.0,25,1,228.91,4,1,1,411,0,New Customers
13147.0,9,4,712.8000000000001,5,4,3,543,1,Loyal Customers
13148.0,28,12,3707.12,4,5,5,455,3,champions
13149.0,13,4,1676.06,4,4,4,444,1,Loyal Customers
13151.0,295,1,1257.8700000000001,1,1,4,114,4,At Risk
13153.0,5,1,486.22,5,1,2,512,0,New Customers
13155.0,32,4,971.76,4,4,4,444,4,At Risk
13157.0,48,4,1741.22,3,4,4,344,4,At Risk
13158.0,94,4,1201.06,2,4,4,244,4,At Risk
13159.0,8,4,1437.85,5,4,4,544,1,Loyal Customers
13160.0,21,1,91.8,4,1,1,411,0,New Customers
13161.0,312,1,112.75,1,1,1,111,2,Lost Customers
13162.0,121,4,1688.29,2,4,4,244,4,At Risk
13165.0,45,2,1021.48,3,2,4,324,4,At Risk
13166.0,282,1,417.2,1,1,2,112,2,Lost Customers
13167.0,18,4,791.33,4,4,3,443,1,Loyal Customers
13168.0,35,4,1319.19,3,4,4,344,4,At Risk
13169.0,63,2,712.88,3,2,3,323,4,At Risk
13170.0,26,1,116.00999999999999,4,1,1,411,0,New Customers
13171.0,21,3,468.41,4,3,2,432,0,New Customers
13173.0,3,2,353.65,5,2,2,522,0,New Customers
13174.0,15,3,2817.03,4,3,5,435,1,Loyal Customers
13176.0,45,1,492.84,3,1,3,313,0,New Customers
13177.0,64,1,282.45,3,1,2,312,2,Lost Customers
13178.0,25,11,5725.47,4,5,5,455,3,champions
13182.0,44,1,121.18,3,1,1,311,0,New Customers
13183.0,7,9,3957.78,5,5,5,555,1,Loyal Customers
13184.0,14,10,1701.29,4,5,4,454,1,Loyal Customers
13185.0,267,1,71.4,1,1,1,111,2,Lost Customers
13186.0,39,3,1575.89,3,3,4,334,4,At Risk
13187.0,336,1,236.02,1,1,1,111,2,Lost Customers
13188.0,10,1,114.60000000000001,5,1,1,511,0,New Customers
13189.0,18,2,260.68,4,2,2,422,0,New Customers
13192.0,94,2,911.94,2,2,3,223,4,At Risk
13193.0,60,1,117.88,3,1,1,311,2,Lost Customers
13194.0,135,1,60.7,2,1,1,211,2,Lost Customers
13196.0,10,4,1797.78,5,4,4,544,1,Loyal Customers
13198.0,9,6,3401.2400000000002,5,5,5,555,1,Loyal Customers
13199.0,3,38,9817.12,5,5,5,555,3,champions
13200.0,18,4,870.09,4,4,3,443,1,Loyal Customers
13203.0,9,4,869.46,5,4,3,543,1,Loyal Customers
13207.0,14,2,250.26000000000002,4,2,2,422,0,New Customers
13208.0,58,6,1223.9,3,5,4,354,4,At Risk
13209.0,29,8,5891.61,4,5,5,455,1,Loyal Customers
13210.0,93,1,353.48,2,1,2,212,2,Lost Customers
13211.0,9,3,1197.42,5,3,4,534,1,Loyal Customers
13212.0,19,3,788.08,4,3,3,433,0,New Customers
13213.0,56,5,1520.58,3,4,4,344,4,At Risk
13216.0,267,1,333.74,1,1,2,112,2,Lost Customers
13217.0,121,3,533.98,2,3,3,233,4,At Risk
13218.0,126,1,62.63999999999999,2,1,1,211,2,Lost Customers
13220.0,77,4,819.2900000000001,2,4,3,243,4,At Risk
13221.0,239,2,847.41,1,2,3,123,4,At Risk
13223.0,199,2,163.20000000000002,1,2,1,121,2,Lost Customers
13224.0,59,2,2155.95,3,2,5,325,4,At Risk
13225.0,2,7,6463.84,5,5,5,555,3,champions
13226.0,272,1,108.21000000000001,1,1,1,111,2,Lost Customers
13227.0,201,1,257.7,1,1,2,112,2,Lost Customers
13228.0,80,1,358.0,2,1,2,212,2,Lost Customers
13229.0,225,1,160.95,1,1,1,111,2,Lost Customers
13230.0,3,14,2806.97,5,5,5,555,3,champions
13232.0,12,7,1357.6,5,5,4,554,1,Loyal Customers
13233.0,73,2,605.12,2,2,3,223,4,At Risk
13235.0,211,1,1031.07,1,1,4,114,4,At Risk
13236.0,24,2,744.85,4,2,3,423,0,New Customers
13238.0,16,4,700.73,4,4,3,443,1,Loyal Customers
13239.0,261,1,329.56,1,1,2,112,2,Lost Customers
13240.0,95,4,663.65,2,4,3,243,4,At Risk
13242.0,111,3,270.40000000000003,2,3,2,232,2,Lost Customers
13243.0,202,1,600.07,1,1,3,113,2,Lost Customers
13244.0,92,1,121.74000000000001,2,1,1,211,2,Lost Customers
13245.0,50,1,430.5,3,1,2,312,0,New Customers
13246.0,17,6,1987.3,4,5,4,454,1,Loyal Customers
13247.0,17,4,501.12,4,4,3,443,0,New Customers
13248.0,124,2,465.68,2,2,2,222,2,Lost Customers
13249.0,91,3,711.41,2,3,3,233,4,At Risk
13253.0,156,2,1030.4,2,2,4,224,4,At Risk
13255.0,8,2,399.51,5,2,2,522,0,New Customers
13258.0,11,3,698.58,5,3,3,533,0,New Customers
13259.0,61,1,292.32,3,1,2,312,0,New Customers
13260.0,60,1,557.62,3,1,3,313,0,New Customers
13261.0,268,2,944.1,1,2,4,124,4,At Risk
13262.0,262,1,200.29,1,1,1,111,2,Lost Customers
13263.0,0,35,7454.07,5,5,5,555,3,champions
13265.0,52,5,2107.66,3,4,5,345,4,At Risk
13266.0,10,12,3834.2599999999998,5,5,5,555,3,champions
13267.0,2,19,4521.49,5,5,5,555,3,champions
13268.0,17,11,3214.69,4,5,5,455,1,Loyal Customers
13269.0,0,15,5346.2300000000005,5,5,5,555,3,champions
13270.0,365,1,590.0,1,1,3,113,2,Lost Customers
13271.0,36,1,217.38,3,1,1,311,0,New Customers
13272.0,30,2,276.56,4,2,2,422,0,New Customers
13273.0,112,1,138.98,2,1,1,211,2,Lost Customers
13276.0,63,2,590.9300000000001,3,2,3,323,4,At Risk
13277.0,15,4,258.4,4,4,2,442,0,New Customers
13278.0,40,1,542.73,3,1,3,313,0,New Customers
13279.0,77,1,137.75,2,1,1,211,2,Lost Customers
13280.0,121,3,814.86,2,3,3,233,4,At Risk
13282.0,17,3,1132.14,4,3,4,434,1,Loyal Customers
13283.0,59,2,93.66,3,2,1,321,2,Lost Customers
13284.0,330,1,201.19,1,1,1,111,2,Lost Customers
13285.0,22,4,2709.12,4,4,5,445,1,Loyal Customers
13291.0,155,1,361.11,2,1,2,212,2,Lost Customers
13292.0,38,2,578.9399999999999,3,2,3,323,0,New Customers
13294.0,189,2,873.74,1,2,3,123,4,At Risk
13295.0,359,1,201.20000000000002,1,1,1,111,2,Lost Customers
13296.0,136,1,87.4,2,1,1,211,2,Lost Customers
13297.0,7,4,2089.85,5,4,5,545,1,Loyal Customers
13298.0,0,1,360.0,5,1,2,512,0,New Customers
13299.0,267,1,142.5,1,1,1,111,2,Lost Customers
13300.0,168,1,371.89,2,1,2,212,2,Lost Customers
13301.0,103,4,618.09,2,4,3,243,4,At Risk
13302.0,154,1,63.75,2,1,1,211,2,Lost Customers
13304.0,350,1,300.42,1,1,2,112,2,Lost Customers
13305.0,3,10,2000.86,5,5,4,554,1,Loyal Customers
13307.0,119,1,15.0,2,1,1,211,2,Lost Customers
13308.0,22,3,1385.51,4,3,4,434,1,Loyal Customers
13309.0,6,5,1456.79,5,4,4,544,1,Loyal Customers
13310.0,27,3,1132.03,4,3,4,434,4,At Risk
13311.0,3,2,598.57,5,2,3,523,0,New Customers
13313.0,21,5,1555.32,4,4,4,444,1,Loyal Customers
13314.0,1,3,775.94,5,3,3,533,1,Loyal Customers
13316.0,36,4,5977.7300000000005,3,4,5,345,1,Loyal Customers
13317.0,65,6,2273.68,3,5,5,355,4,At Risk
13318.0,0,3,640.76,5,3,3,533,1,Loyal Customers
13319.0,4,26,10845.550000000001,5,5,5,555,3,champions
13320.0,77,4,1548.7,2,4,4,244,4,At Risk
13321.0,71,2,567.36,3,2,3,323,4,At Risk
13322.0,16,1,199.48000000000002,4,1,1,411,0,New Customers
13323.0,2,5,787.85,5,4,3,543,1,Loyal Customers
13324.0,35,10,7121.95,3,5,5,355,3,champions
13325.0,81,1,675.3,2,1,3,213,4,At Risk
13327.0,38,8,3627.77,3,5,5,355,1,Loyal Customers
13328.0,315,1,1308.48,1,1,4,114,4,At Risk
13329.0,31,2,789.0,4,2,3,423,0,New Customers
13330.0,92,3,1140.93,2,3,4,234,4,At Risk
13332.0,13,1,350.9,4,1,2,412,0,New Customers
13334.0,81,3,3536.82,2,3,5,235,4,At Risk
13336.0,76,1,795.12,2,1,3,213,4,At Risk
13338.0,157,1,487.02,2,1,2,212,2,Lost Customers
13339.0,200,1,860.12,1,1,3,113,2,Lost Customers
13340.0,44,7,10736.48,3,5,5,355,1,Loyal Customers
13341.0,260,1,775.85,1,1,3,113,2,Lost Customers
13343.0,177,1,353.43,2,1,2,212,2,Lost Customers
13344.0,67,3,2543.72,3,3,5,335,4,At Risk
13345.0,287,1,389.5,1,1,2,112,2,Lost Customers
13347.0,69,1,341.36,3,1,2,312,2,Lost Customers
13348.0,63,1,233.76,3,1,1,311,2,Lost Customers
13349.0,10,1,247.32,5,1,1,511,0,New Customers
13350.0,15,2,979.12,4,2,4,424,0,New Customers
13351.0,65,1,373.94,3,1,2,312,0,New Customers
13352.0,59,1,397.97999999999996,3,1,2,312,0,New Customers
13354.0,70,1,743.53,3,1,3,313,4,At Risk
13355.0,121,1,674.7,2,1,3,213,2,Lost Customers
13356.0,79,1,768.24,2,1,3,213,4,At Risk
13357.0,256,1,609.95,1,1,3,113,2,Lost Customers
13358.0,268,1,439.03,1,1,2,112,2,Lost Customers
13359.0,63,1,439.56,3,1,2,312,0,New Customers
13362.0,8,4,3090.7400000000002,5,4,5,545,1,Loyal Customers
13363.0,17,2,992.5,4,2,4,424,0,New Customers
13364.0,70,1,134.95999999999998,3,1,1,311,2,Lost Customers
13365.0,33,2,2225.37,3,2,5,325,4,At Risk
13366.0,49,1,56.160000000000004,3,1,1,311,2,Lost Customers
13368.0,256,2,623.4,1,2,3,123,2,Lost Customers
13369.0,365,1,308.28000000000003,1,1,2,112,2,Lost Customers
13370.0,371,1,754.87,1,1,3,113,2,Lost Customers
13372.0,89,1,378.64,2,1,2,212,2,Lost Customers
13373.0,60,3,3312.25,3,3,5,335,4,At Risk
13375.0,88,1,778.65,2,1,3,213,4,At Risk
13376.0,98,3,1019.76,2,3,4,234,4,At Risk
13379.0,25,3,572.56,4,3,3,433,0,New Customers
13381.0,31,6,3639.31,4,5,5,455,1,Loyal Customers
13382.0,280,1,222.99,1,1,1,111,2,Lost Customers
13384.0,30,7,4151.93,4,5,5,455,1,Loyal Customers
13385.0,329,1,534.57,1,1,3,113,2,Lost Customers
13388.0,130,2,677.1,2,2,3,223,4,At Risk
13389.0,10,3,797.96,5,3,3,533,1,Loyal Customers
13390.0,74,1,544.08,2,1,3,213,2,Lost Customers
13391.0,203,1,59.8,1,1,1,111,2,Lost Customers
13394.0,1,8,2520.02,5,5,5,555,1,Loyal Customers
13395.0,184,1,307.72,1,1,2,112,2,Lost Customers
13396.0,28,2,1360.99,4,2,4,424,4,At Risk
13397.0,72,5,1544.13,2,4,4,244,4,At Risk
13398.0,191,1,457.34,1,1,2,112,2,Lost Customers
13402.0,126,2,621.23,2,2,3,223,4,At Risk
13403.0,17,1,75.0,4,1,1,411,0,New Customers
13404.0,0,2,252.49,5,2,2,522,0,New Customers
13405.0,73,3,572.451,2,3,3,233,4,At Risk
13408.0,1,62,28117.04,5,5,5,555,3,champions
13410.0,23,5,1003.06,4,4,4,444,1,Loyal Customers
13411.0,106,1,213.55,2,1,1,211,2,Lost Customers
13414.0,133,3,1390.5,2,3,4,234,4,At Risk
13416.0,43,2,712.5,3,2,3,323,4,At Risk
13417.0,4,2,640.83,5,2,3,523,0,New Customers
13418.0,11,18,6127.43,5,5,5,555,3,champions
13419.0,63,1,221.06,3,1,1,311,2,Lost Customers
13420.0,149,2,159.85,2,2,1,221,2,Lost Customers
13421.0,39,2,1851.08,3,2,4,324,4,At Risk
13422.0,63,1,2626.3,3,1,5,315,4,At Risk
13425.0,107,3,1624.21,2,3,4,234,4,At Risk
13426.0,0,10,3641.32,5,5,5,555,3,champions
13427.0,18,3,582.6,4,3,3,433,0,New Customers
13428.0,9,1,218.47,5,1,1,511,0,New Customers
13429.0,10,4,1006.8,5,4,4,544,1,Loyal Customers
13430.0,18,2,679.45,4,2,3,423,0,New Customers
13431.0,66,2,1269.1,3,2,4,324,4,At Risk
13434.0,73,2,534.24,2,2,3,223,4,At Risk
13435.0,4,7,3809.8900000000003,5,5,5,555,1,Loyal Customers
13436.0,1,1,196.89,5,1,1,511,0,New Customers
13437.0,13,7,3408.06,4,5,5,455,1,Loyal Customers
13439.0,254,1,283.71,1,1,2,112,2,Lost Customers
13441.0,91,1,296.64,2,1,2,212,2,Lost Customers
13447.0,22,3,1129.14,4,3,4,434,1,Loyal Customers
13448.0,16,6,3539.37,4,5,5,455,1,Loyal Customers
13449.0,23,1,291.88,4,1,2,412,0,New Customers
13450.0,26,6,2043.7199999999998,4,5,4,454,1,Loyal Customers
13451.0,25,5,2976.15,4,4,5,445,1,Loyal Customers
13452.0,258,2,590.0,1,2,3,123,2,Lost Customers
13453.0,165,2,356.97999999999996,2,2,2,222,2,Lost Customers
13455.0,24,2,1058.34,4,2,4,424,0,New Customers
13456.0,17,6,1766.72,4,5,4,454,1,Loyal Customers
13458.0,6,14,9646.57,5,5,5,555,3,champions
13460.0,28,2,183.44,4,2,1,421,0,New Customers
13461.0,38,3,1445.0,3,3,4,334,4,At Risk
13462.0,252,1,151.5,1,1,1,111,2,Lost Customers
13464.0,57,1,674.68,3,1,3,313,0,New Customers
13466.0,183,1,307.9,1,1,2,112,2,Lost Customers
13467.0,10,2,1083.71,5,2,4,524,0,New Customers
13468.0,1,37,5704.97,5,5,5,555,3,champions
13470.0,98,2,165.0,2,2,1,221,2,Lost Customers
13471.0,0,4,2531.58,5,4,5,545,1,Loyal Customers
13473.0,60,2,422.64,3,2,2,322,0,New Customers
13474.0,235,1,229.59,1,1,1,111,2,Lost Customers
13475.0,190,4,1431.78,1,4,4,144,4,At Risk
13476.0,178,2,1238.47,2,2,4,224,4,At Risk
13477.0,37,6,1454.58,3,5,4,354,1,Loyal Customers
13479.0,200,2,300.95,1,2,2,122,2,Lost Customers
13481.0,45,5,1804.56,3,4,4,344,4,At Risk
13482.0,231,1,184.64,1,1,1,111,2,Lost Customers
13483.0,65,1,140.34,3,1,1,311,2,Lost Customers
13484.0,240,1,313.8,1,1,2,112,2,Lost Customers
13485.0,232,1,454.24,1,1,2,112,2,Lost Customers
13486.0,77,3,1122.41,2,3,4,234,4,At Risk
13487.0,57,3,575.4,3,3,3,333,4,At Risk
13488.0,16,13,8968.31,4,5,5,455,3,champions
13489.0,104,4,449.52,2,4,2,242,4,At Risk
13491.0,51,10,1215.82,3,5,4,354,1,Loyal Customers
13492.0,135,3,1269.84,2,3,4,234,4,At Risk
13493.0,274,2,618.63,1,2,3,123,2,Lost Customers
13494.0,311,1,316.26000000000005,1,1,2,112,2,Lost Customers
13495.0,7,5,2044.8700000000001,5,4,4,544,1,Loyal Customers
13496.0,10,2,653.33,5,2,3,523,0,New Customers
13497.0,282,2,348.05,1,2,2,122,2,Lost Customers
13499.0,17,5,1159.11,4,4,4,444,1,Loyal Customers
13500.0,22,3,1166.77,4,3,4,434,1,Loyal Customers
13501.0,287,1,1340.32,1,1,4,114,4,At Risk
13502.0,16,3,292.0,4,3,2,432,0,New Customers
13503.0,70,1,216.85,3,1,1,311,2,Lost Customers
13504.0,63,1,295.93,3,1,2,312,2,Lost Customers
13505.0,72,4,4393.63,2,4,5,245,4,At Risk
13506.0,315,2,458.52,1,2,2,122,2,Lost Customers
13507.0,2,4,2479.16,5,4,5,545,1,Loyal Customers
13508.0,243,1,110.97,1,1,1,111,2,Lost Customers
13509.0,8,7,979.72,5,5,4,554,1,Loyal Customers
13510.0,0,4,1791.56,5,4,4,544,1,Loyal Customers
13512.0,260,1,251.21,1,1,2,112,2,Lost Customers
13513.0,126,1,205.1,2,1,1,211,2,Lost Customers
13514.0,73,1,152.20000000000002,2,1,1,211,2,Lost Customers
13515.0,72,4,891.12,2,4,3,243,4,At Risk
13516.0,20,3,1389.41,4,3,4,434,1,Loyal Customers
13517.0,59,3,2128.42,3,3,5,335,4,At Risk
13518.0,85,1,659.4399999999999,2,1,3,213,2,Lost Customers
13519.0,77,1,122.75,2,1,1,211,2,Lost Customers
13520.0,58,6,3624.35,3,5,5,355,1,Loyal Customers
13521.0,0,3,1093.65,5,3,4,534,1,Loyal Customers
13522.0,29,1,125.80000000000001,4,1,1,411,0,New Customers
13523.0,32,5,3964.88,4,4,5,445,1,Loyal Customers
13524.0,40,5,680.1800000000001,3,4,3,343,4,At Risk
13525.0,14,2,628.78,4,2,3,423,0,New Customers
13527.0,33,7,2287.51,3,5,5,355,1,Loyal Customers
13529.0,78,2,307.76,2,2,2,222,2,Lost Customers
13531.0,204,2,483.8,1,2,2,122,2,Lost Customers
13532.0,33,1,210.31,3,1,1,311,0,New Customers
13533.0,182,3,270.79,1,3,2,132,2,Lost Customers
13534.0,1,25,5870.08,5,5,5,555,3,champions
13536.0,0,7,3448.29,5,5,5,555,1,Loyal Customers
13538.0,42,7,1280.85,3,5,4,354,1,Loyal Customers
13539.0,85,3,631.34,2,3,3,233,4,At Risk
13544.0,39,2,291.41,3,2,2,322,0,New Customers
13546.0,11,3,626.99,5,3,3,533,0,New Customers
13548.0,95,2,682.41,2,2,3,223,4,At Risk
13549.0,25,7,918.2,4,5,3,453,1,Loyal Customers
13551.0,318,1,91.80000000000001,1,1,1,111,2,Lost Customers
13552.0,65,12,3740.07,3,5,5,355,1,Loyal Customers
13555.0,73,4,4149.28,2,4,5,245,4,At Risk
13557.0,27,2,584.06,4,2,3,423,0,New Customers
13558.0,5,4,605.06,5,4,3,543,1,Loyal Customers
13560.0,6,1,174.37,5,1,1,511,0,New Customers
13561.0,215,1,141.85999999999999,1,1,1,111,2,Lost Customers
13562.0,81,3,1799.33,2,3,4,234,4,At Risk
13563.0,83,2,777.53,2,2,3,223,4,At Risk
13564.0,143,3,1749.02,2,3,4,234,4,At Risk
13565.0,18,2,240.22,4,2,1,421,0,New Customers
13566.0,40,2,874.71,3,2,3,323,4,At Risk
13568.0,172,1,192.85,2,1,1,211,2,Lost Customers
13569.0,16,2,373.75,4,2,2,422,0,New Customers
13570.0,242,1,239.49,1,1,1,111,2,Lost Customers
13571.0,12,12,2092.32,5,5,5,555,1,Loyal Customers
13572.0,205,1,1384.25,1,1,4,114,4,At Risk
13573.0,49,2,294.4,3,2,2,322,0,New Customers
13575.0,22,5,732.0699999999999,4,4,3,443,1,Loyal Customers
13576.0,9,18,6717.34,5,5,5,555,3,champions
13577.0,24,4,1687.6000000000001,4,4,4,444,1,Loyal Customers
13579.0,14,2,467.04,4,2,2,422,0,New Customers
13581.0,308,1,118.0,1,1,1,111,2,Lost Customers
13583.0,155,1,781.03,2,1,3,213,2,Lost Customers
13584.0,306,1,142.4,1,1,1,111,2,Lost Customers
13587.0,63,1,712.4,3,1,3,313,0,New Customers
13588.0,15,9,2478.95,4,5,5,455,1,Loyal Customers
13589.0,14,2,379.65,4,2,2,422,0,New Customers
13590.0,10,6,1981.92,5,5,4,554,1,Loyal Customers
13591.0,64,3,1117.13,3,3,4,334,4,At Risk
13592.0,35,4,247.95999999999998,3,4,1,341,0,New Customers
13593.0,107,5,2037.0800000000002,2,4,4,244,4,At Risk
13594.0,52,1,396.97,3,1,2,312,0,New Customers
13596.0,5,2,697.04,5,2,3,523,0,New Customers
13598.0,46,1,180.17000000000002,3,1,1,311,0,New Customers
13599.0,0,21,5153.67,5,5,5,555,3,champions
13600.0,311,1,219.52,1,1,1,111,2,Lost Customers
13601.0,44,2,693.32,3,2,3,323,4,At Risk
13602.0,64,1,428.89,3,1,2,312,0,New Customers
13603.0,25,1,164.34,4,1,1,411,0,New Customers
13606.0,28,3,280.53999999999996,4,3,2,432,0,New Customers
13607.0,39,1,678.01,3,1,3,313,0,New Customers
13610.0,11,7,1131.88,5,5,4,554,1,Loyal Customers
13611.0,88,3,1171.8,2,3,4,234,4,At Risk
13614.0,23,4,1610.46,4,4,4,444,1,Loyal Customers
13615.0,318,1,417.69,1,1,2,112,2,Lost Customers
13617.0,39,3,544.18,3,3,3,333,4,At Risk
13618.0,173,1,177.34,2,1,1,211,2,Lost Customers
13621.0,116,1,213.85,2,1,1,211,2,Lost Customers
13623.0,30,5,747.78,4,4,3,443,1,Loyal Customers
13626.0,252,1,257.23,1,1,2,112,2,Lost Customers
13627.0,58,5,1638.47,3,4,4,344,4,At Risk
13629.0,22,11,7792.36,4,5,5,455,3,champions
13630.0,4,7,2031.78,5,5,4,554,1,Loyal Customers
13631.0,99,11,3070.42,2,5,5,255,1,Loyal Customers
13632.0,24,5,2121.27,4,4,5,445,1,Loyal Customers
13634.0,32,5,1575.16,4,4,4,444,1,Loyal Customers
13635.0,67,1,1071.03,3,1,4,314,4,At Risk
13636.0,36,5,949.12,3,4,4,344,4,At Risk
13637.0,51,3,810.5,3,3,3,333,4,At Risk
13638.0,15,1,122.64,4,1,1,411,0,New Customers
13639.0,73,1,1033.34,2,1,4,214,4,At Risk
13642.0,215,1,354.8,1,1,2,112,2,Lost Customers
13643.0,30,3,519.44,4,3,3,433,0,New Customers
13644.0,15,4,2624.26,4,4,5,445,1,Loyal Customers
13645.0,119,1,252.1,2,1,2,212,2,Lost Customers
13647.0,9,4,1678.1200000000001,5,4,4,544,1,Loyal Customers
13649.0,256,2,346.6,1,2,2,122,2,Lost Customers
13650.0,16,6,1836.34,4,5,4,454,1,Loyal Customers
13651.0,34,2,94.2,3,2,1,321,0,New Customers
13652.0,45,3,1095.08,3,3,4,334,4,At Risk
13654.0,42,6,2707.33,3,5,5,355,1,Loyal Customers
13655.0,113,2,932.97,2,2,3,223,4,At Risk
13656.0,164,2,379.65,2,2,2,222,2,Lost Customers
13657.0,10,2,382.14,5,2,2,522,0,New Customers
13658.0,9,5,2639.17,5,4,5,545,1,Loyal Customers
13659.0,205,2,1573.2,1,2,4,124,4,At Risk
13662.0,85,3,897.76,2,3,3,233,4,At Risk
13663.0,178,1,189.47,2,1,1,211,2,Lost Customers
13666.0,59,3,84.65,3,3,1,331,0,New Customers
13667.0,148,1,305.02,2,1,2,212,2,Lost Customers
13668.0,2,21,6363.59,5,5,5,555,3,champions
13669.0,50,2,218.55,3,2,1,321,0,New Customers
13670.0,74,1,349.7,2,1,2,212,2,Lost Customers
13672.0,300,2,186.39000000000001,1,2,1,121,2,Lost Customers
13673.0,18,2,396.92,4,2,2,422,0,New Customers
13675.0,150,2,486.82000000000005,2,2,2,222,2,Lost Customers
13678.0,151,1,232.6,2,1,1,211,2,Lost Customers
13680.0,0,4,3722.42,5,4,5,545,1,Loyal Customers
13681.0,17,4,827.83,4,4,3,443,1,Loyal Customers
13682.0,186,1,59.5,1,1,1,111,2,Lost Customers
13684.0,285,1,67.23,1,1,1,111,2,Lost Customers
13685.0,2,7,3119.44,5,5,5,555,1,Loyal Customers
13686.0,182,1,72.0,1,1,1,111,2,Lost Customers
13689.0,62,1,910.0,3,1,3,313,4,At Risk
13690.0,58,1,172.25,3,1,1,311,2,Lost Customers
13692.0,24,3,1488.32,4,3,4,434,1,Loyal Customers
13694.0,3,50,65039.62,5,5,5,555,3,champions
13695.0,30,15,2504.13,4,5,5,455,3,champions
13697.0,38,1,151.29999999999998,3,1,1,311,0,New Customers
13699.0,154,1,308.58000000000004,2,1,2,212,2,Lost Customers
13700.0,25,10,2265.12,4,5,5,455,1,Loyal Customers
13703.0,317,1,99.5,1,1,1,111,2,Lost Customers
13704.0,4,9,2308.06,5,5,5,555,1,Loyal Customers
13705.0,7,3,711.86,5,3,3,533,1,Loyal Customers
13706.0,302,1,330.79,1,1,2,112,2,Lost Customers
13707.0,266,2,806.41,1,2,3,123,4,At Risk
13708.0,270,1,296.88,1,1,2,112,2,Lost Customers
13709.0,3,13,6328.05,5,5,5,555,3,champions
13710.0,31,1,180.48,4,1,1,411,0,New Customers
13711.0,218,2,252.06,1,2,2,122,2,Lost Customers
13712.0,246,1,228.84,1,1,1,111,2,Lost Customers
13715.0,280,5,1079.34,1,4,4,144,4,At Risk
13716.0,268,1,138.28,1,1,1,111,2,Lost Customers
13717.0,31,6,1445.01,4,5,4,454,1,Loyal Customers
13718.0,245,2,306.55,1,2,2,122,2,Lost Customers
13719.0,14,5,1041.68,4,4,4,444,1,Loyal Customers
13720.0,116,4,799.9,2,4,3,243,4,At Risk
13721.0,35,1,524.14,3,1,3,313,0,New Customers
13722.0,131,3,2375.41,2,3,5,235,4,At Risk
13723.0,216,1,199.85000000000002,1,1,1,111,2,Lost Customers
13725.0,49,8,1980.56,3,5,4,354,1,Loyal Customers
13726.0,38,2,1079.6599999999999,3,2,4,324,4,At Risk
13727.0,28,2,333.48,4,2,2,422,0,New Customers
13728.0,36,6,1016.14,3,5,4,354,1,Loyal Customers
13730.0,135,2,752.6,2,2,3,223,4,At Risk
13731.0,218,2,610.59,1,2,3,123,4,At Risk
13732.0,27,1,491.86,4,1,3,413,0,New Customers
13735.0,24,4,2885.2400000000002,4,4,5,445,1,Loyal Customers
13736.0,4,2,731.9,5,2,3,523,0,New Customers
13737.0,199,1,339.59999999999997,1,1,2,112,2,Lost Customers
13739.0,17,1,216.9,4,1,1,411,0,New Customers
13740.0,240,1,350.75,1,1,2,112,2,Lost Customers
13741.0,71,3,668.4300000000001,3,3,3,333,4,At Risk
13742.0,16,12,3131.02,4,5,5,455,3,champions
13743.0,2,7,1341.6,5,5,4,554,1,Loyal Customers
13744.0,94,2,1156.36,2,2,4,224,4,At Risk
13745.0,161,1,300.04,2,1,2,212,2,Lost Customers
13747.0,373,1,79.6,1,1,1,111,2,Lost Customers
13748.0,95,5,948.25,2,4,4,244,4,At Risk
13750.0,53,5,1647.26,3,4,4,344,4,At Risk
13751.0,287,1,296.25,1,1,2,112,2,Lost Customers
13752.0,123,6,1186.28,2,5,4,254,4,At Risk
13753.0,287,1,741.26,1,1,3,113,2,Lost Customers
13754.0,151,2,282.59999999999997,2,2,2,222,2,Lost Customers
13755.0,3,9,2161.35,5,5,5,555,1,Loyal Customers
13756.0,1,14,5189.52,5,5,5,555,3,champions
13758.0,11,7,3190.55,5,5,5,555,1,Loyal Customers
13759.0,32,2,659.4100000000001,4,2,3,423,0,New Customers
13760.0,53,2,286.79,3,2,2,322,0,New Customers
13761.0,49,2,1070.65,3,2,4,324,4,At Risk
13762.0,218,1,306.72,1,1,2,112,2,Lost Customers
13763.0,62,1,1714.96,3,1,4,314,4,At Risk
13764.0,70,3,1521.76,3,3,4,334,4,At Risk
13767.0,1,37,17220.36,5,5,5,555,3,champions
13769.0,1,10,2796.51,5,5,5,555,3,champions
13771.0,63,4,2634.45,3,4,5,345,4,At Risk
13772.0,33,3,1132.13,3,3,4,334,4,At Risk
13774.0,81,1,345.0,2,1,2,212,2,Lost Customers
13777.0,0,33,25977.16,5,5,5,555,3,champions
13778.0,102,1,178.7,2,1,1,211,2,Lost Customers
13780.0,6,2,360.01,5,2,2,522,0,New Customers
13781.0,250,1,127.84,1,1,1,111,2,Lost Customers
13782.0,12,6,912.0,5,5,3,553,1,Loyal Customers
13784.0,9,11,2462.79,5,5,5,555,1,Loyal Customers
13786.0,366,1,230.39999999999998,1,1,1,111,2,Lost Customers
13787.0,75,2,309.04,2,2,2,222,2,Lost Customers
13790.0,3,1,348.8,5,1,2,512,0,New Customers
13791.0,127,2,1516.0,2,2,4,224,4,At Risk
13792.0,65,2,195.55,3,2,1,321,2,Lost Customers
13798.0,0,57,37153.85,5,5,5,555,3,champions
13799.0,116,2,688.86,2,2,3,223,4,At Risk
13800.0,309,1,558.32,1,1,3,113,2,Lost Customers
13801.0,66,1,324.8,3,1,2,312,2,Lost Customers
13802.0,138,3,4599.42,2,3,5,235,4,At Risk
13803.0,254,1,277.07,1,1,2,112,2,Lost Customers
13804.0,30,7,2635.79,4,5,5,455,1,Loyal Customers
13805.0,51,2,924.6,3,2,3,323,4,At Risk
13806.0,63,1,256.38,3,1,2,312,2,Lost Customers
13807.0,366,1,112.6,1,1,1,111,2,Lost Customers
13808.0,5,5,1747.66,5,4,4,544,1,Loyal Customers
13809.0,304,1,155.05,1,1,1,111,2,Lost Customers
13810.0,28,3,1499.01,4,3,4,434,4,At Risk
13811.0,183,3,814.5,1,3,3,133,4,At Risk
13812.0,41,3,539.0,3,3,3,333,4,At Risk
13813.0,39,4,1366.8600000000001,3,4,4,344,4,At Risk
13814.0,91,2,1579.12,2,2,4,224,4,At Risk
13815.0,21,4,4027.36,4,4,5,445,1,Loyal Customers
13816.0,23,2,571.6700000000001,4,2,3,423,0,New Customers
13817.0,28,2,382.98,4,2,2,422,0,New Customers
13819.0,301,3,1140.35,1,3,4,134,4,At Risk
13821.0,144,2,385.64,2,2,2,222,2,Lost Customers
13822.0,5,2,632.0,5,2,3,523,0,New Customers
13823.0,18,2,957.66,4,2,4,424,0,New Customers
13824.0,32,5,1698.94,4,4,4,444,1,Loyal Customers
13826.0,175,1,189.5,2,1,1,211,2,Lost Customers
13827.0,57,3,412.05,3,3,2,332,4,At Risk
13828.0,21,1,209.49,4,1,1,411,0,New Customers
13831.0,15,6,2202.99,4,5,5,455,1,Loyal Customers
13832.0,18,1,52.199999999999996,4,1,1,411,0,New Customers
13833.0,158,1,384.8,2,1,2,212,2,Lost Customers
13835.0,24,4,834.57,4,4,3,443,1,Loyal Customers
13837.0,211,2,271.24,1,2,2,122,2,Lost Customers
13838.0,5,4,691.73,5,4,3,543,1,Loyal Customers
13841.0,252,1,85.0,1,1,1,111,2,Lost Customers
13842.0,58,9,3385.62,3,5,5,355,1,Loyal Customers
13844.0,10,1,361.62,5,1,2,512,0,New Customers
13845.0,64,1,312.98,3,1,2,312,2,Lost Customers
13846.0,24,3,865.0600000000001,4,3,3,433,4,At Risk
13848.0,91,3,1255.0,2,3,4,234,4,At Risk
13849.0,51,2,1537.95,3,2,4,324,4,At Risk
13850.0,128,1,1595.48,2,1,4,214,4,At Risk
13851.0,95,3,2651.46,2,3,5,235,4,At Risk
13853.0,56,1,1090.14,3,1,4,314,4,At Risk
13854.0,8,25,8109.5199999999995,5,5,5,555,3,champions
13856.0,168,3,388.5,2,3,2,232,4,At Risk
13858.0,56,1,216.17,3,1,1,311,0,New Customers
13859.0,325,1,201.16,1,1,1,111,2,Lost Customers
13860.0,0,5,1245.9,5,4,4,544,1,Loyal Customers
13862.0,17,8,2209.36,4,5,5,455,1,Loyal Customers
13863.0,247,1,305.78,1,1,2,112,2,Lost Customers
13865.0,57,4,501.56,3,4,3,343,4,At Risk
13866.0,73,1,145.67000000000002,2,1,1,211,2,Lost Customers
13867.0,30,3,1015.29,4,3,4,434,4,At Risk
13868.0,6,2,3192.54,5,2,5,525,1,Loyal Customers
13869.0,122,4,3104.95,2,4,5,245,4,At Risk
13870.0,1,8,2770.94,5,5,5,555,1,Loyal Customers
13871.0,22,13,6403.25,4,5,5,455,3,champions
13873.0,119,3,389.6,2,3,2,232,4,At Risk
13874.0,357,1,540.45,1,1,3,113,2,Lost Customers
13875.0,53,5,1786.79,3,4,4,344,4,At Risk
13876.0,63,1,122.7,3,1,1,311,2,Lost Customers
13877.0,85,1,117.24,2,1,1,211,2,Lost Customers
13878.0,54,1,1281.53,3,1,4,314,4,At Risk
13880.0,20,13,3219.77,4,5,5,455,3,champions
13881.0,3,20,17159.52,5,5,5,555,3,champions
13882.0,2,5,1191.13,5,4,4,544,1,Loyal Customers
13883.0,10,5,2674.48,5,4,5,545,1,Loyal Customers
13884.0,6,5,787.6,5,4,3,543,1,Loyal Customers
13885.0,188,2,506.8,1,2,3,123,2,Lost Customers
13886.0,70,1,243.56,3,1,1,311,2,Lost Customers
13887.0,203,1,349.55,1,1,2,112,2,Lost Customers
13888.0,119,2,605.63,2,2,3,223,4,At Risk
13889.0,92,1,416.90000000000003,2,1,2,212,2,Lost Customers
13890.0,0,10,1883.8100000000002,5,5,4,554,1,Loyal Customers
13892.0,26,4,632.97,4,4,3,443,4,At Risk
13893.0,297,1,821.1,1,1,3,113,2,Lost Customers
13894.0,23,3,564.62,4,3,3,433,0,New Customers
13895.0,27,4,2593.07,4,4,5,445,1,Loyal Customers
13897.0,49,1,311.16,3,1,2,312,0,New Customers
13898.0,325,1,155.93,1,1,1,111,2,Lost Customers
13899.0,15,2,388.52,4,2,2,422,0,New Customers
13900.0,182,3,740.95,1,3,3,133,4,At Risk
13901.0,71,5,2867.2,3,4,5,345,4,At Risk
13904.0,36,2,332.64,3,2,2,322,0,New Customers
13908.0,79,4,2369.55,2,4,5,245,4,At Risk
13911.0,56,9,2580.91,3,5,5,355,1,Loyal Customers
13914.0,11,2,626.45,5,2,3,523,0,New Customers
13917.0,49,2,272.04,3,2,2,322,0,New Customers
13918.0,49,2,1212.8400000000001,3,2,4,324,4,At Risk
13919.0,58,2,384.81,3,2,2,322,0,New Customers
13922.0,351,1,172.25,1,1,1,111,2,Lost Customers
13923.0,53,1,351.13,3,1,2,312,0,New Customers
13924.0,1,6,1838.8500000000001,5,5,4,554,1,Loyal Customers
13925.0,92,4,678.25,2,4,3,243,4,At Risk
13926.0,22,1,223.85000000000002,4,1,1,411,0,New Customers
13927.0,74,1,348.99,2,1,2,212,2,Lost Customers
13928.0,10,4,464.57,5,4,2,542,1,Loyal Customers
13929.0,168,2,842.65,2,2,3,223,4,At Risk
13930.0,57,2,337.34,3,2,2,322,0,New Customers
13931.0,95,2,1237.53,2,2,4,224,4,At Risk
13932.0,294,1,307.4,1,1,2,112,2,Lost Customers
13933.0,108,2,608.7900000000001,2,2,3,223,4,At Risk
13934.0,263,1,922.1,1,1,3,113,2,Lost Customers
13936.0,179,1,376.58,1,1,2,112,2,Lost Customers
13937.0,168,1,158.85,2,1,1,211,2,Lost Customers
13938.0,34,1,71.66,3,1,1,311,0,New Customers
13939.0,22,3,568.55,4,3,3,433,0,New Customers
13940.0,16,4,839.14,4,4,3,443,1,Loyal Customers
13941.0,21,5,5112.96,4,4,5,445,1,Loyal Customers
13946.0,78,3,561.5699999999999,2,3,3,233,4,At Risk
13947.0,64,1,90.6,3,1,1,311,2,Lost Customers
13948.0,360,1,102.0,1,1,1,111,2,Lost Customers
13949.0,2,6,2427.32,5,5,5,555,1,Loyal Customers
13950.0,10,4,745.06,5,4,3,543,1,Loyal Customers
13951.0,175,3,674.45,2,3,3,233,4,At Risk
13952.0,217,2,3251.071,1,2,5,125,4,At Risk
13953.0,6,7,3515.68,5,5,5,555,1,Loyal Customers
13954.0,1,2,439.92,5,3,2,532,0,New Customers
13955.0,153,2,322.96,2,3,2,232,2,Lost Customers
13956.0,4,5,1026.42,5,4,4,544,1,Loyal Customers
13959.0,78,3,598.2,2,3,3,233,4,At Risk
13960.0,20,2,230.22,4,3,1,431,0,New Customers
13962.0,21,2,169.55,4,3,1,431,0,New Customers
13963.0,307,4,664.54,1,4,3,143,4,At Risk
13967.0,145,1,80.7,2,1,1,211,2,Lost Customers
13969.0,6,18,9053.94,5,5,5,555,3,champions
13971.0,18,8,2758.26,4,5,5,455,1,Loyal Customers
13972.0,70,2,190.25,3,3,1,331,2,Lost Customers
13973.0,286,1,264.7,1,1,2,112,2,Lost Customers
13974.0,48,1,413.59000000000003,3,1,2,312,0,New Customers
13975.0,30,6,2526.28,4,5,5,455,1,Loyal Customers
13976.0,206,1,357.98,1,1,2,112,2,Lost Customers
13978.0,14,2,196.79000000000002,4,3,1,431,0,New Customers
13979.0,72,1,869.87,2,1,3,213,4,At Risk
13980.0,59,1,200.14,3,1,1,311,2,Lost Customers
13982.0,38,4,1871.81,3,4,4,344,4,At Risk
13983.0,29,12,2603.43,4,5,5,455,1,Loyal Customers
13984.0,26,5,920.51,4,4,3,443,1,Loyal Customers
13985.0,3,15,7060.13,5,5,5,555,3,champions
13986.0,16,1,320.46,4,1,2,412,0,New Customers
13988.0,19,6,4147.96,4,5,5,455,1,Loyal Customers
13989.0,65,2,1266.08,3,3,4,334,4,At Risk
13990.0,212,1,311.3,1,1,2,112,2,Lost Customers
13991.0,11,6,855.97,5,5,3,553,1,Loyal Customers
13992.0,29,1,76.8,4,1,1,411,0,New Customers
13993.0,42,9,3466.36,3,5,5,355,1,Loyal Customers
13994.0,3,6,2313.14,5,5,5,555,1,Loyal Customers
13995.0,14,5,1393.69,4,4,4,444,1,Loyal Customers
13999.0,9,12,3901.81,5,5,5,555,3,champions
14000.0,210,1,635.66,1,1,3,113,2,Lost Customers
14001.0,45,3,2043.0800000000002,3,3,4,334,4,At Risk
14002.0,133,2,529.73,2,3,3,233,4,At Risk
14004.0,42,7,4582.64,3,5,5,355,1,Loyal Customers
14005.0,9,5,2874.72,5,4,5,545,1,Loyal Customers
14006.0,115,3,962.19,2,3,4,234,4,At Risk
14009.0,197,2,695.61,1,3,3,133,4,At Risk
14012.0,277,1,328.8,1,1,2,112,2,Lost Customers
14013.0,109,3,473.02,2,3,2,232,4,At Risk
14014.0,76,1,505.18,2,1,3,213,2,Lost Customers
14015.0,52,1,917.34,3,1,3,313,4,At Risk
14016.0,161,4,4341.21,2,4,5,245,4,At Risk
14019.0,46,3,1421.61,3,3,4,334,4,At Risk
14020.0,16,2,642.8,4,3,3,433,0,New Customers
14021.0,154,3,631.9,2,3,3,233,4,At Risk
14022.0,224,1,440.0,1,1,2,112,2,Lost Customers
14023.0,6,2,584.07,5,3,3,533,0,New Customers
14024.0,121,2,327.7,2,3,2,232,2,Lost Customers
14027.0,60,1,104.82,3,1,1,311,2,Lost Customers
14029.0,62,2,467.66,3,3,2,332,4,At Risk
14030.0,17,8,2360.09,4,5,5,455,1,Loyal Customers
14031.0,6,19,17286.86,5,5,5,555,3,champions
14032.0,1,11,2975.59,5,5,5,555,3,champions
14034.0,21,3,651.8199999999999,4,3,3,433,0,New Customers
14035.0,28,5,1428.02,4,4,4,444,1,Loyal Customers
14036.0,284,1,626.65,1,1,3,113,2,Lost Customers
14037.0,175,2,147.20000000000002,2,3,1,231,2,Lost Customers
14038.0,77,3,1560.38,2,3,4,234,4,At Risk
14039.0,32,1,152.2,4,1,1,411,0,New Customers
14040.0,40,12,3614.92,3,5,5,355,1,Loyal Customers
14041.0,265,1,141.41,1,1,1,111,2,Lost Customers
14044.0,26,4,652.82,4,4,3,443,4,At Risk
14045.0,108,4,1659.75,2,4,4,244,4,At Risk
14046.0,283,1,154.99,1,1,1,111,2,Lost Customers
14047.0,8,5,1308.6100000000001,5,4,4,544,1,Loyal Customers
14048.0,304,1,409.93,1,1,2,112,2,Lost Customers
14049.0,16,4,5681.72,4,4,5,445,1,Loyal Customers
14050.0,31,2,746.36,4,3,3,433,0,New Customers
14051.0,0,23,15610.390000000001,5,5,5,555,3,champions
14052.0,19,1,225.36,4,1,1,411,0,New Customers
14053.0,123,2,260.25,2,3,2,232,2,Lost Customers
14054.0,64,1,92.46,3,1,1,311,2,Lost Customers
14055.0,105,1,725.6400000000001,2,1,3,213,2,Lost Customers
14056.0,0,23,8214.65,5,5,5,555,3,champions
14057.0,23,17,6217.96,4,5,5,455,3,champions
14059.0,266,1,183.6,1,1,1,111,2,Lost Customers
14060.0,4,19,6140.42,5,5,5,555,3,champions
14062.0,9,12,10464.85,5,5,5,555,3,champions
14064.0,28,5,1353.74,4,4,4,444,1,Loyal Customers
14066.0,266,1,152.55,1,1,1,111,2,Lost Customers
14067.0,63,2,374.7,3,3,2,332,0,New Customers
14068.0,319,1,265.85,1,1,2,112,2,Lost Customers
14071.0,3,8,1438.82,5,5,4,554,1,Loyal Customers
14073.0,31,1,151.04,4,1,1,411,0,New Customers
14075.0,4,3,942.26,5,3,3,533,1,Loyal Customers
14076.0,128,1,122.47,2,1,1,211,2,Lost Customers
14077.0,40,5,499.41999999999996,3,4,3,343,4,At Risk
14078.0,101,6,1049.37,2,5,4,254,4,At Risk
14079.0,124,1,375.1,2,1,2,212,2,Lost Customers
14080.0,32,1,45.599999999999994,4,1,1,411,0,New Customers
14081.0,301,2,934.52,1,3,3,133,4,At Risk
14082.0,364,1,182.25,1,1,1,111,2,Lost Customers
14083.0,3,9,1018.43,5,5,4,554,1,Loyal Customers
14085.0,1,18,4448.54,5,5,5,555,3,champions
14087.0,2,1,194.42,5,1,1,511,0,New Customers
14088.0,9,13,50491.81,5,5,5,555,3,champions
14089.0,56,1,161.0,3,1,1,311,2,Lost Customers
14090.0,324,1,76.32000000000001,1,1,1,111,2,Lost Customers
14092.0,7,14,4076.91,5,5,5,555,3,champions
14093.0,11,1,442.85,5,1,2,512,0,New Customers
14096.0,3,17,65164.79,5,5,5,555,3,champions
14098.0,36,1,147.35,3,1,1,311,0,New Customers
14099.0,15,11,3104.17,4,5,5,455,1,Loyal Customers
14100.0,137,1,194.9,2,1,1,211,2,Lost Customers
14101.0,73,6,5976.79,2,5,5,255,1,Loyal Customers
14102.0,4,5,1360.28,5,4,4,544,1,Loyal Customers
14104.0,154,2,216.20999999999998,2,3,1,231,2,Lost Customers
14105.0,238,1,1266.23,1,1,4,114,4,At Risk
14107.0,51,7,2703.23,3,5,5,355,1,Loyal Customers
14108.0,30,2,597.91,4,3,3,433,0,New Customers
14109.0,72,1,144.2,2,1,1,211,2,Lost Customers
14110.0,3,12,5683.15,5,5,5,555,3,champions
14111.0,13,4,692.85,4,4,3,443,1,Loyal Customers
14112.0,22,7,2915.15,4,5,5,455,1,Loyal Customers
14113.0,3,4,1840.42,5,4,4,544,1,Loyal Customers
14114.0,273,2,386.53,1,3,2,132,2,Lost Customers
14116.0,19,5,1382.74,4,4,4,444,1,Loyal Customers
14117.0,143,1,90.0,2,1,1,211,2,Lost Customers
14121.0,3,4,2780.15,5,4,5,545,1,Loyal Customers
14124.0,83,1,419.58000000000004,2,1,2,212,2,Lost Customers
14125.0,10,3,2740.43,5,3,5,535,1,Loyal Customers
14126.0,7,3,706.1300000000001,5,3,3,533,1,Loyal Customers
14127.0,122,3,709.71,2,3,3,233,4,At Risk
14128.0,60,2,637.5,3,3,3,333,4,At Risk
14129.0,1,5,1123.8600000000001,5,4,4,544,1,Loyal Customers
14130.0,318,1,483.86,1,1,2,112,2,Lost Customers
14132.0,1,11,3586.0299999999997,5,5,5,555,3,champions
14133.0,129,3,605.64,2,3,3,233,4,At Risk
14135.0,1,15,4690.31,5,5,5,555,3,champions
14138.0,1,2,982.3800000000001,5,3,4,534,1,Loyal Customers
14139.0,45,1,415.82,3,1,2,312,0,New Customers
14140.0,3,2,935.05,5,3,3,533,0,New Customers
14141.0,2,4,915.13,5,4,3,543,1,Loyal Customers
14142.0,372,1,311.81,1,1,2,112,2,Lost Customers
14143.0,133,1,115.8,2,1,1,211,2,Lost Customers
14145.0,46,4,3742.2,3,4,5,345,4,At Risk
14146.0,8,5,4191.0,5,4,5,545,1,Loyal Customers
14147.0,77,2,483.4,2,3,2,232,4,At Risk
14148.0,233,1,157.2,1,1,1,111,2,Lost Customers
14149.0,220,1,446.62,1,1,2,112,2,Lost Customers
14150.0,35,2,658.64,3,3,3,333,0,New Customers
14152.0,74,2,621.29,2,3,3,233,4,At Risk
14154.0,238,2,1345.62,1,3,4,134,4,At Risk
14155.0,265,1,118.75,1,1,1,111,2,Lost Customers
14156.0,9,55,117379.63,5,5,5,555,3,champions
14157.0,19,2,432.88,4,3,2,432,0,New Customers
14158.0,39,1,507.66,3,1,3,313,0,New Customers
14159.0,19,11,4693.01,4,5,5,455,3,champions
14161.0,215,3,1110.52,1,3,4,134,4,At Risk
14162.0,173,2,289.36,2,3,2,232,2,Lost Customers
14163.0,86,4,2445.91,2,4,5,245,4,At Risk
14164.0,70,2,1631.77,3,3,4,334,4,At Risk
14165.0,275,1,122.53999999999999,1,1,1,111,2,Lost Customers
14167.0,38,4,574.84,3,4,3,343,4,At Risk
14171.0,97,1,363.79,2,1,2,212,2,Lost Customers
14173.0,10,4,450.84,5,4,2,542,0,New Customers
14174.0,32,1,134.46,4,1,1,411,0,New Customers
14175.0,59,3,3222.3,3,3,5,335,4,At Risk
14176.0,296,4,576.9000000000001,1,4,3,143,4,At Risk
14177.0,85,4,559.41,2,4,3,243,4,At Risk
14178.0,8,7,1620.93,5,5,4,554,1,Loyal Customers
14179.0,40,2,719.78,3,3,3,333,4,At Risk
14180.0,10,25,4748.52,5,5,5,555,3,champions
14184.0,66,1,452.89,3,1,2,312,0,New Customers
14185.0,330,1,197.65,1,1,1,111,2,Lost Customers
14188.0,30,6,2054.36,4,5,4,454,1,Loyal Customers
14189.0,1,15,4654.08,5,5,5,555,3,champions
14191.0,1,13,4684.76,5,5,5,555,3,champions
14193.0,67,2,853.39,3,3,3,333,4,At Risk
14194.0,4,21,11349.52,5,5,5,555,3,champions
14195.0,201,2,1012.0,1,3,4,134,4,At Risk
14196.0,106,1,335.52,2,1,2,212,2,Lost Customers
14198.0,17,4,701.4,4,4,3,443,1,Loyal Customers
14199.0,217,1,185.39999999999998,1,1,1,111,2,Lost Customers
14201.0,59,7,747.44,3,5,3,353,4,At Risk
14204.0,1,1,161.03,5,1,1,511,0,New Customers
14205.0,16,2,466.7,4,3,2,432,0,New Customers
14206.0,238,1,328.15999999999997,1,1,2,112,2,Lost Customers
14208.0,94,1,151.74,2,1,1,211,2,Lost Customers
14209.0,10,6,2073.43,5,5,5,555,1,Loyal Customers
14210.0,105,6,1905.8400000000001,2,5,4,254,4,At Risk
14211.0,52,9,2241.1,3,5,5,355,1,Loyal Customers
14212.0,89,1,1070.48,2,1,4,214,4,At Risk
14214.0,30,5,1004.38,4,4,4,444,1,Loyal Customers
14215.0,11,6,1789.72,5,5,4,554,1,Loyal Customers
14216.0,2,4,1839.3,5,4,4,544,1,Loyal Customers
14217.0,1,17,2004.98,5,5,4,554,3,champions
14218.0,42,1,169.48000000000002,3,1,1,311,0,New Customers
14219.0,3,1,89.94,5,1,1,511,0,New Customers
14220.0,246,2,632.4,1,3,3,133,2,Lost Customers
14221.0,41,9,3432.8,3,5,5,355,1,Loyal Customers
14222.0,176,1,683.17,2,1,3,213,2,Lost Customers
14223.0,91,3,991.13,2,3,4,234,4,At Risk
14224.0,109,4,1050.12,2,4,4,244,4,At Risk
14226.0,28,5,2232.19,4,4,5,445,1,Loyal Customers
14227.0,25,10,3350.96,4,5,5,455,1,Loyal Customers
14229.0,51,3,1547.2,3,3,4,334,4,At Risk
14231.0,183,3,925.71,1,3,3,133,4,At Risk
14232.0,42,5,2048.07,3,4,4,344,1,Loyal Customers
14233.0,48,4,1462.72,3,4,4,344,4,At Risk
14234.0,21,4,775.46,4,4,3,443,1,Loyal Customers
14235.0,74,5,3144.86,2,4,5,245,4,At Risk
14236.0,80,2,490.86,2,3,3,233,4,At Risk
14237.0,372,1,161.0,1,1,1,111,2,Lost Customers
14238.0,325,1,146.85,1,1,1,111,2,Lost Customers
14239.0,42,11,2380.85,3,5,5,355,1,Loyal Customers
14240.0,29,2,890.34,4,3,3,433,0,New Customers
14241.0,183,1,213.70000000000002,1,1,1,111,2,Lost Customers
14242.0,234,2,280.55,1,3,2,132,2,Lost Customers
14243.0,8,10,2588.77,5,5,5,555,1,Loyal Customers
14245.0,219,2,1693.45,1,3,4,134,4,At Risk
14246.0,110,3,1474.06,2,3,4,234,4,At Risk
14247.0,277,1,136.76999999999998,1,1,1,111,2,Lost Customers
14248.0,317,1,302.58,1,1,2,112,2,Lost Customers
14250.0,6,3,1904.05,5,3,4,534,1,Loyal Customers
14251.0,1,5,2879.7000000000003,5,4,5,545,1,Loyal Customers
14256.0,259,2,969.0600000000001,1,3,4,134,4,At Risk
14257.0,63,5,3099.7200000000003,3,4,5,345,4,At Risk
14258.0,8,9,12669.98,5,5,5,555,3,champions
14259.0,141,1,120.0,2,1,1,211,2,Lost Customers
14261.0,50,2,1163.45,3,3,4,334,4,At Risk
14262.0,7,8,2618.23,5,5,5,555,1,Loyal Customers
14264.0,154,2,333.97,2,3,2,232,2,Lost Customers
14265.0,108,2,530.18,2,3,3,233,4,At Risk
14267.0,162,3,1516.24,2,3,4,234,4,At Risk
14270.0,331,1,492.65000000000003,1,1,3,113,2,Lost Customers
14271.0,225,1,112.32,1,1,1,111,2,Lost Customers
14272.0,73,2,437.96,2,3,2,232,4,At Risk
14273.0,50,4,559.97,3,4,3,343,4,At Risk
14276.0,98,3,1119.74,2,3,4,234,4,At Risk
14277.0,14,3,4216.2,4,3,5,435,1,Loyal Customers
14280.0,196,1,134.04,1,1,1,111,2,Lost Customers
14282.0,2,15,3729.34,5,5,5,555,3,champions
14284.0,30,2,595.25,4,3,3,433,0,New Customers
14285.0,20,4,1910.01,4,4,4,444,1,Loyal Customers
14286.0,23,3,4628.75,4,3,5,435,1,Loyal Customers
14287.0,7,3,176.63,5,3,1,531,0,New Customers
14288.0,212,1,426.6,1,1,2,112,2,Lost Customers
14289.0,8,6,911.26,5,5,3,553,1,Loyal Customers
14290.0,10,5,2314.65,5,4,5,545,1,Loyal Customers
14291.0,1,11,3883.25,5,5,5,555,3,champions
14292.0,7,9,4871.93,5,5,5,555,3,champions
14293.0,2,4,1046.56,5,4,4,544,1,Loyal Customers
14295.0,39,1,166.20000000000002,3,1,1,311,0,New Customers
14297.0,17,4,1305.33,4,4,4,444,1,Loyal Customers
14298.0,7,44,51527.3,5,5,5,555,3,champions
14299.0,7,9,3965.62,5,5,5,555,1,Loyal Customers
14300.0,18,1,43.2,4,1,1,411,0,New Customers
14301.0,116,1,640.14,2,1,3,213,2,Lost Customers
14304.0,222,1,383.45,1,1,2,112,2,Lost Customers
14305.0,70,3,1858.96,3,3,4,334,4,At Risk
14306.0,50,2,2093.32,3,3,5,335,4,At Risk
14307.0,88,6,2995.72,2,5,5,255,4,At Risk
14309.0,7,9,2352.53,5,5,5,555,1,Loyal Customers
14311.0,242,1,310.26,1,1,2,112,2,Lost Customers
14312.0,46,6,1611.59,3,5,4,354,1,Loyal Customers
14314.0,106,1,120.0,2,1,1,211,2,Lost Customers
14315.0,44,6,2481.13,3,5,5,355,1,Loyal Customers
14317.0,64,1,508.58000000000004,3,1,3,313,0,New Customers
14320.0,206,2,477.79,1,3,2,132,2,Lost Customers
14321.0,10,5,1530.75,5,4,4,544,1,Loyal Customers
14323.0,114,2,605.0600000000001,2,3,3,233,4,At Risk
14326.0,241,1,183.85,1,1,1,111,2,Lost Customers
14327.0,162,1,311.65,2,1,2,212,2,Lost Customers
14329.0,16,7,5014.84,4,5,5,455,1,Loyal Customers
14331.0,123,2,462.65999999999997,2,3,2,232,2,Lost Customers
14332.0,22,3,866.31,4,3,3,433,4,At Risk
14333.0,67,1,415.2,3,1,2,312,2,Lost Customers
14334.0,16,8,2552.21,4,5,5,455,1,Loyal Customers
14335.0,15,2,468.26,4,3,2,432,0,New Customers
14336.0,16,4,1614.91,4,4,4,444,1,Loyal Customers
14338.0,160,2,588.22,2,3,3,233,4,At Risk
14339.0,242,1,309.52,1,1,2,112,2,Lost Customers
14340.0,218,1,134.7,1,1,1,111,2,Lost Customers
14341.0,44,8,2182.28,3,5,5,355,1,Loyal Customers
14342.0,20,4,668.5600000000001,4,4,3,443,1,Loyal Customers
14344.0,126,8,889.9300000000001,2,5,3,253,4,At Risk
14345.0,38,1,108.97999999999999,3,1,1,311,0,New Customers
14346.0,120,2,1021.58,2,3,4,234,4,At Risk
14348.0,259,1,409.57,1,1,2,112,2,Lost Customers
14349.0,9,1,133.5,5,1,1,511,0,New Customers
14350.0,273,1,282.93,1,1,2,112,2,Lost Customers
14351.0,164,1,51.0,2,1,1,211,2,Lost Customers
14352.0,156,4,1078.96,2,4,4,244,4,At Risk
14353.0,214,1,90.6,1,1,1,111,2,Lost Customers
14354.0,5,2,163.62,5,3,1,531,0,New Customers
14355.0,365,1,174.4,1,1,1,111,2,Lost Customers
14356.0,79,2,701.23,2,3,3,233,4,At Risk
14357.0,42,1,225.77,3,1,1,311,0,New Customers
14359.0,18,3,912.18,4,3,3,433,1,Loyal Customers
14360.0,31,4,2128.23,4,4,5,445,1,Loyal Customers
14362.0,21,1,161.2,4,1,1,411,0,New Customers
14364.0,108,8,3717.35,2,5,5,255,4,At Risk
14367.0,7,16,9261.52,5,5,5,555,3,champions
14368.0,319,1,155.0,1,1,1,111,2,Lost Customers
14371.0,294,1,100.5,1,1,1,111,2,Lost Customers
14373.0,357,1,76.55,1,1,1,111,2,Lost Customers
14375.0,184,1,257.68,1,1,2,112,2,Lost Customers
14377.0,190,2,617.05,1,3,3,133,4,At Risk
14379.0,43,2,348.1,3,3,2,332,0,New Customers
14381.0,51,1,202.68,3,1,1,311,0,New Customers
14382.0,25,1,626.0699999999999,4,1,3,413,0,New Customers
14383.0,37,3,1247.69,3,3,4,334,4,At Risk
14385.0,8,3,202.11,5,3,1,531,0,New Customers
14386.0,296,1,142.4,1,1,1,111,2,Lost Customers
14387.0,32,3,1770.56,4,3,4,434,4,At Risk
14388.0,9,8,3212.84,5,5,5,555,1,Loyal Customers
14389.0,64,2,1043.46,3,3,4,334,4,At Risk
14390.0,9,9,4652.82,5,5,5,555,3,champions
14393.0,217,1,67.95,1,1,1,111,2,Lost Customers
14395.0,1,9,3507.71,5,5,5,555,3,champions
14396.0,64,2,487.99,3,3,2,332,4,At Risk
14397.0,2,19,2612.96,5,5,5,555,3,champions
14400.0,148,1,574.7,2,1,3,213,2,Lost Customers
14401.0,3,13,4051.48,5,5,5,555,3,champions
14403.0,129,4,1475.81,2,4,4,244,4,At Risk
14404.0,33,6,1474.32,3,5,4,354,1,Loyal Customers
14406.0,118,1,156.75,2,1,1,211,2,Lost Customers
14407.0,106,6,2157.73,2,5,5,255,4,At Risk
14408.0,10,7,2606.53,5,5,5,555,1,Loyal Customers
14409.0,70,6,2059.4500000000003,3,5,5,355,4,At Risk
14410.0,91,9,1105.07,2,5,4,254,4,At Risk
14411.0,310,1,1063.0,1,1,4,114,2,Lost Customers
14412.0,42,2,770.03,3,3,3,333,4,At Risk
14413.0,361,1,122.7,1,1,1,111,2,Lost Customers
14414.0,91,7,1496.98,2,5,4,254,4,At Risk
14415.0,0,13,5900.28,5,5,5,555,3,champions
14416.0,21,2,490.22,4,3,3,433,0,New Customers
14418.0,3,3,1937.25,5,3,4,534,1,Loyal Customers
14419.0,10,6,1058.06,5,5,4,554,1,Loyal Customers
14420.0,98,1,387.52,2,1,2,212,2,Lost Customers
14421.0,56,2,813.11,3,3,3,333,4,At Risk
14422.0,0,6,4263.64,5,5,5,555,1,Loyal Customers
14423.0,217,1,265.2,1,1,2,112,2,Lost Customers
14424.0,17,1,322.08,4,1,2,412,0,New Customers
14426.0,23,10,4481.67,4,5,5,455,1,Loyal Customers
14427.0,49,2,363.34000000000003,3,3,2,332,0,New Customers
14428.0,6,5,1244.83,5,4,4,544,1,Loyal Customers
14431.0,302,1,470.36,1,1,2,112,2,Lost Customers
14432.0,9,6,2255.51,5,5,5,555,1,Loyal Customers
14434.0,21,6,1372.8,4,5,4,454,1,Loyal Customers
14436.0,98,1,89.06,2,1,1,211,2,Lost Customers
14437.0,365,1,63.0,1,1,1,111,2,Lost Customers
14438.0,305,1,131.9,1,1,1,111,2,Lost Customers
14439.0,319,1,2661.24,1,1,5,115,4,At Risk
14440.0,7,5,2357.6800000000003,5,4,5,545,1,Loyal Customers
14441.0,0,4,1712.89,5,4,4,544,1,Loyal Customers
14442.0,204,2,1589.82,1,3,4,134,4,At Risk
14443.0,53,4,1420.2,3,4,4,344,4,At Risk
14446.0,0,4,1039.58,5,4,4,544,1,Loyal Customers
14447.0,18,5,1163.23,4,4,4,444,1,Loyal Customers
14448.0,8,2,375.35,5,3,2,532,0,New Customers
14449.0,18,4,907.1,4,4,3,443,1,Loyal Customers
14450.0,180,3,483.25,1,3,2,132,4,At Risk
14451.0,59,2,662.59,3,3,3,333,4,At Risk
14452.0,10,2,264.44,5,3,2,532,0,New Customers
14453.0,189,1,119.93,1,1,1,111,2,Lost Customers
14456.0,4,9,3062.4,5,5,5,555,1,Loyal Customers
14457.0,310,1,113.64,1,1,1,111,2,Lost Customers
14459.0,154,1,1837.92,2,1,4,214,4,At Risk
14460.0,109,3,434.34,2,3,2,232,4,At Risk
14461.0,147,3,2103.06,2,3,5,235,4,At Risk
14462.0,65,11,2004.02,3,5,4,354,1,Loyal Customers
14463.0,97,3,529.62,2,3,3,233,4,At Risk
14465.0,246,3,1058.6200000000001,1,3,4,134,4,At Risk
14466.0,28,7,2272.4,4,5,5,455,1,Loyal Customers
14467.0,17,4,598.76,4,4,3,443,1,Loyal Customers
14470.0,11,2,461.19,5,3,2,532,0,New Customers
14472.0,103,8,1936.84,2,5,4,254,4,At Risk
14473.0,73,2,234.34000000000003,2,3,1,231,2,Lost Customers
14474.0,45,1,547.66,3,1,3,313,0,New Customers
14475.0,71,3,925.85,3,3,3,333,4,At Risk
14476.0,256,1,215.7,1,1,1,111,2,Lost Customers
14477.0,19,4,1309.6,4,4,4,444,1,Loyal Customers
14479.0,253,2,316.25,1,3,2,132,2,Lost Customers
14480.0,10,1,279.05,5,1,2,512,0,New Customers
14481.0,164,2,636.51,2,3,3,233,4,At Risk
14482.0,17,6,2068.15,4,5,5,455,1,Loyal Customers
14483.0,281,1,137.1,1,1,1,111,2,Lost Customers
14484.0,49,1,321.92,3,1,2,312,0,New Customers
14485.0,38,1,165.75,3,1,1,311,0,New Customers
14487.0,26,6,1196.33,4,5,4,454,1,Loyal Customers
14488.0,67,1,1064.28,3,1,4,314,4,At Risk
14489.0,206,1,463.38,1,1,2,112,2,Lost Customers
14491.0,174,2,340.93,2,3,2,232,2,Lost Customers
14493.0,6,5,2383.2400000000002,5,4,5,545,1,Loyal Customers
14494.0,25,1,139.56,4,1,1,411,0,New Customers
14495.0,50,2,123.8,3,3,1,331,0,New Customers
14496.0,311,2,538.8100000000001,1,3,3,133,2,Lost Customers
14497.0,308,1,475.37,1,1,2,112,2,Lost Customers
14498.0,42,5,1957.32,3,4,4,344,1,Loyal Customers
14499.0,25,3,815.32,4,3,3,433,4,At Risk
14500.0,87,3,356.85,2,3,2,232,4,At Risk
14501.0,183,2,251.21,1,3,2,132,2,Lost Customers
14502.0,19,11,2470.67,4,5,5,455,1,Loyal Customers
14503.0,2,6,3543.26,5,5,5,555,1,Loyal Customers
14504.0,46,4,673.26,3,4,3,343,4,At Risk
14505.0,16,8,5905.64,4,5,5,455,1,Loyal Customers
14506.0,16,5,2012.17,4,4,4,444,1,Loyal Customers
14507.0,23,6,1383.18,4,5,4,454,1,Loyal Customers
14508.0,21,2,276.42,4,3,2,432,0,New Customers
14511.0,10,5,1314.81,5,4,4,544,1,Loyal Customers
14512.0,187,2,275.28,1,3,2,132,2,Lost Customers
14513.0,100,3,455.59000000000003,2,3,2,232,4,At Risk
14514.0,60,3,1055.35,3,3,4,334,4,At Risk
14515.0,17,6,2102.09,4,5,5,455,1,Loyal Customers
14517.0,32,2,330.45,4,3,2,432,0,New Customers
14518.0,63,1,174.37,3,1,1,311,2,Lost Customers
14520.0,1,2,270.6,5,3,2,532,0,New Customers
14522.0,23,4,974.54,4,4,4,444,1,Loyal Customers
14523.0,107,1,241.09,2,1,1,211,2,Lost Customers
14524.0,31,9,1867.68,4,5,4,454,1,Loyal Customers
14525.0,19,9,4332.2,4,5,5,455,1,Loyal Customers
14527.0,2,55,8508.82,5,5,5,555,3,champions
14528.0,36,1,364.21999999999997,3,1,2,312,0,New Customers
14529.0,59,3,620.04,3,3,3,333,4,At Risk
14530.0,25,6,2925.91,4,5,5,455,1,Loyal Customers
14532.0,235,4,932.85,1,4,3,143,4,At Risk
14533.0,24,7,1949.72,4,5,4,454,1,Loyal Customers
14534.0,2,18,4447.05,5,5,5,555,3,champions
14535.0,59,3,2864.19,3,3,5,335,4,At Risk
14536.0,259,1,171.8,1,1,1,111,2,Lost Customers
14537.0,57,1,355.56,3,1,2,312,0,New Customers
14538.0,64,2,388.25,3,3,2,332,0,New Customers
14539.0,15,2,537.48,4,3,3,433,0,New Customers
14540.0,9,3,996.26,5,3,4,534,1,Loyal Customers
14541.0,58,8,1461.65,3,5,4,354,1,Loyal Customers
14542.0,185,1,103.25,1,1,1,111,2,Lost Customers
14543.0,28,16,3630.33,4,5,5,455,3,champions
14544.0,23,2,2024.45,4,3,4,434,4,At Risk
14546.0,4,5,2578.09,5,4,5,545,1,Loyal Customers
14547.0,3,8,4007.54,5,5,5,555,1,Loyal Customers
14548.0,150,2,652.8,2,3,3,233,4,At Risk
14549.0,310,1,289.24,1,1,2,112,2,Lost Customers
14550.0,10,2,765.62,5,3,3,533,0,New Customers
14551.0,17,2,186.23,4,3,1,431,0,New Customers
14552.0,151,1,165.07,2,1,1,211,2,Lost Customers
14553.0,18,5,859.27,4,4,3,443,1,Loyal Customers
14554.0,9,4,2381.04,5,4,5,545,1,Loyal Customers
14555.0,56,2,324.14,3,3,2,332,0,New Customers
14557.0,84,1,788.38,2,1,3,213,4,At Risk
14560.0,6,22,2237.77,5,5,5,555,3,champions
14561.0,75,3,1080.76,2,3,4,234,4,At Risk
14562.0,3,18,5074.77,5,5,5,555,3,champions
14565.0,95,4,3099.12,2,4,5,245,4,At Risk
14566.0,110,1,1432.0,2,1,4,214,4,At Risk
14567.0,56,2,1530.3600000000001,3,3,4,334,4,At Risk
14569.0,0,1,227.39,5,1,1,511,0,New Customers
14570.0,280,2,218.06,1,3,1,131,2,Lost Customers
14572.0,2,7,2832.84,5,5,5,555,1,Loyal Customers
14573.0,179,9,1653.42,1,5,4,154,4,At Risk
14576.0,371,1,35.400000000000006,1,1,1,111,2,Lost Customers
14577.0,12,4,859.71,5,4,3,543,1,Loyal Customers
14578.0,2,1,168.63,5,1,1,511,0,New Customers
14581.0,16,1,138.6,4,1,1,411,0,New Customers
14582.0,40,1,114.11,3,1,1,311,0,New Customers
14583.0,5,5,1052.55,5,4,4,544,1,Loyal Customers
14584.0,168,4,1042.26,2,4,4,244,4,At Risk
14585.0,49,1,157.05,3,1,1,311,0,New Customers
14586.0,276,1,237.36,1,1,1,111,2,Lost Customers
14587.0,18,9,1601.14,4,5,4,454,1,Loyal Customers
14589.0,371,1,39.75,1,1,1,111,2,Lost Customers
14591.0,14,4,1447.14,4,4,4,444,1,Loyal Customers
14592.0,34,3,570.46,3,3,3,333,4,At Risk
14593.0,21,3,617.99,4,3,3,433,0,New Customers
14594.0,6,2,379.83,5,3,2,532,0,New Customers
14595.0,19,6,1740.6,4,5,4,454,1,Loyal Customers
14597.0,10,2,883.15,5,3,3,533,0,New Customers
14598.0,43,1,221.97,3,1,1,311,0,New Customers
14600.0,305,1,393.33000000000004,1,1,2,112,2,Lost Customers
14601.0,10,1,213.96,5,1,1,511,0,New Customers
14603.0,274,1,660.0,1,1,3,113,2,Lost Customers
14606.0,0,93,12156.65,5,5,5,555,3,champions
14607.0,15,14,16569.5,4,5,5,455,3,champions
14608.0,3,4,1785.15,5,4,4,544,1,Loyal Customers
14609.0,71,4,601.56,3,4,3,343,4,At Risk
14616.0,242,3,406.08000000000004,1,3,2,132,2,Lost Customers
14618.0,8,3,553.44,5,3,3,533,0,New Customers
14619.0,245,1,394.44,1,1,2,112,2,Lost Customers
14620.0,205,2,412.78000000000003,1,3,2,132,2,Lost Customers
14621.0,0,5,1788.3600000000001,5,4,4,544,1,Loyal Customers
14622.0,184,1,320.58000000000004,1,1,2,112,2,Lost Customers
14623.0,31,5,889.25,4,4,3,443,1,Loyal Customers
14624.0,56,2,225.85,3,3,1,331,0,New Customers
14625.0,195,2,899.63,1,3,3,133,4,At Risk
14626.0,23,4,2791.27,4,4,5,445,1,Loyal Customers
14628.0,90,2,671.96,2,3,3,233,4,At Risk
14629.0,3,2,959.01,5,3,4,534,1,Loyal Customers
14631.0,50,3,1006.98,3,3,4,334,4,At Risk
14632.0,262,1,114.56,1,1,1,111,2,Lost Customers
14633.0,265,1,344.90000000000003,1,1,2,112,2,Lost Customers
14636.0,35,2,609.85,3,3,3,333,0,New Customers
14638.0,50,1,443.6,3,1,2,312,0,New Customers
14639.0,51,6,2984.49,3,5,5,355,1,Loyal Customers
14640.0,23,6,2125.08,4,5,5,455,1,Loyal Customers
14641.0,21,1,110.46,4,1,1,411,0,New Customers
14642.0,58,1,96.12,3,1,1,311,2,Lost Customers
14643.0,169,2,693.8100000000001,2,3,3,233,4,At Risk
14644.0,67,2,830.76,3,3,3,333,4,At Risk
14645.0,156,2,597.09,2,3,3,233,4,At Risk
14646.0,1,73,280206.02,5,5,5,555,3,champions
14647.0,200,1,243.22,1,1,1,111,2,Lost Customers
14649.0,4,4,1417.29,5,4,4,544,1,Loyal Customers
14651.0,66,2,654.6,3,3,3,333,4,At Risk
14652.0,76,1,114.18,2,1,1,211,2,Lost Customers
14653.0,0,7,1947.55,5,5,4,554,1,Loyal Customers
14655.0,7,4,1932.23,5,4,4,544,1,Loyal Customers
14656.0,168,2,291.05,2,3,2,232,2,Lost Customers
14657.0,17,4,848.22,4,4,3,443,1,Loyal Customers
14658.0,4,2,247.15,5,3,1,531,0,New Customers
14659.0,8,9,2529.93,5,5,5,555,1,Loyal Customers
14660.0,86,2,285.74,2,3,2,232,2,Lost Customers
14661.0,26,1,107.95,4,1,1,411,0,New Customers
14662.0,28,4,771.17,4,4,3,443,4,At Risk
14664.0,19,2,637.89,4,3,3,433,0,New Customers
14665.0,60,5,1835.7,3,4,4,344,4,At Risk
14666.0,23,1,195.25,4,1,1,411,0,New Customers
14667.0,10,25,9241.2,5,5,5,555,3,champions
14669.0,241,3,1269.99,1,3,4,134,4,At Risk
14670.0,279,2,411.53,1,3,2,132,2,Lost Customers
14672.0,234,2,765.55,1,3,3,133,4,At Risk
14673.0,2,5,1736.4,5,4,4,544,1,Loyal Customers
14675.0,15,1,604.75,4,1,3,413,0,New Customers
14676.0,30,6,2548.2400000000002,4,5,5,455,1,Loyal Customers
14680.0,24,16,28754.11,4,5,5,455,3,champions
14681.0,70,3,498.95,3,3,3,333,4,At Risk
14682.0,187,2,52.0,1,3,1,131,2,Lost Customers
14684.0,25,5,1236.28,4,4,4,444,1,Loyal Customers
14687.0,106,1,628.38,2,1,3,213,2,Lost Customers
14688.0,7,21,5630.87,5,5,5,555,3,champions
14689.0,208,1,112.8,1,1,1,111,2,Lost Customers
14690.0,43,2,371.7,3,3,2,332,0,New Customers
14691.0,30,5,2114.33,4,4,5,445,1,Loyal Customers
14692.0,136,4,591.55,2,4,3,243,4,At Risk
14693.0,264,1,172.9,1,1,1,111,2,Lost Customers
14696.0,3,7,2078.95,5,5,5,555,1,Loyal Customers
14697.0,217,2,188.60999999999999,1,3,1,131,2,Lost Customers
14698.0,1,5,1250.76,5,4,4,544,1,Loyal Customers
14699.0,213,1,109.13000000000001,1,1,1,111,2,Lost Customers
14700.0,31,3,2235.3,4,3,5,435,4,At Risk
14701.0,10,9,2549.37,5,5,5,555,1,Loyal Customers
14702.0,0,17,3292.14,5,5,5,555,3,champions
14703.0,14,1,318.17,4,1,2,412,0,New Customers
14704.0,10,9,1546.91,5,5,4,554,1,Loyal Customers
14705.0,198,1,179.0,1,1,1,111,2,Lost Customers
14708.0,2,3,1126.37,5,3,4,534,1,Loyal Customers
14709.0,14,13,4921.04,4,5,5,455,3,champions
14710.0,13,4,606.13,4,4,3,443,1,Loyal Customers
14711.0,9,11,2868.8,5,5,5,555,1,Loyal Customers
14712.0,28,3,917.07,4,3,3,433,4,At Risk
14713.0,8,11,2666.36,5,5,5,555,1,Loyal Customers
14714.0,23,1,160.19,4,1,1,411,0,New Customers
14715.0,24,4,867.38,4,4,3,443,1,Loyal Customers
14716.0,42,2,329.68,3,3,2,332,0,New Customers
14719.0,1,5,1602.13,5,4,4,544,1,Loyal Customers
14720.0,5,3,663.81,5,3,3,533,1,Loyal Customers
14722.0,146,1,187.92000000000002,2,1,1,211,2,Lost Customers
14723.0,9,6,1158.3,5,5,4,554,1,Loyal Customers
14725.0,24,1,718.08,4,1,3,413,0,New Customers
14727.0,273,1,268.58,1,1,2,112,2,Lost Customers
14729.0,373,1,313.49,1,1,2,112,2,Lost Customers
14730.0,0,8,2005.06,5,5,4,554,1,Loyal Customers
14731.0,46,3,380.02,3,3,2,332,0,New Customers
14732.0,7,8,2702.4900000000002,5,5,5,555,1,Loyal Customers
14733.0,15,12,9585.91,4,5,5,455,3,champions
14735.0,3,32,6065.69,5,5,5,555,3,champions
14737.0,3,3,1164.55,5,3,4,534,1,Loyal Customers
14738.0,42,7,1314.45,3,5,4,354,1,Loyal Customers
14739.0,3,7,3902.28,5,5,5,555,1,Loyal Customers
14740.0,196,3,1448.21,1,3,4,134,4,At Risk
14741.0,11,6,1400.34,5,5,4,554,1,Loyal Customers
14744.0,15,7,1099.98,4,5,4,454,1,Loyal Customers
14745.0,112,5,1220.26,2,4,4,244,4,At Risk
14747.0,248,1,328.2,1,1,2,112,2,Lost Customers
14748.0,28,5,1415.75,4,4,4,444,1,Loyal Customers
14752.0,43,1,389.64,3,1,2,312,0,New Customers
14753.0,86,1,563.15,2,1,3,213,2,Lost Customers
14754.0,44,2,638.05,3,3,3,333,4,At Risk
14755.0,9,11,5010.28,5,5,5,555,3,champions
14756.0,14,1,738.96,4,1,3,413,0,New Customers
14757.0,74,1,420.5,2,1,2,212,2,Lost Customers
14758.0,144,4,1484.06,2,4,4,244,4,At Risk
14759.0,4,3,1625.97,5,3,4,534,1,Loyal Customers
14760.0,296,1,89.2,1,1,1,111,2,Lost Customers
14761.0,58,2,255.9,3,3,2,332,0,New Customers
14762.0,263,1,300.52,1,1,2,112,2,Lost Customers
14764.0,46,1,278.3,3,1,2,312,0,New Customers
14765.0,28,3,254.11,4,3,2,432,0,New Customers
14766.0,7,6,2473.37,5,5,5,555,1,Loyal Customers
14768.0,16,2,192.60000000000002,4,3,1,431,0,New Customers
14769.0,2,8,10674.75,5,5,5,555,3,champions
14770.0,231,2,876.42,1,3,3,133,4,At Risk
14772.0,111,1,139.26,2,1,1,211,2,Lost Customers
14775.0,57,3,1011.9,3,3,4,334,4,At Risk
14776.0,50,11,2538.3,3,5,5,355,1,Loyal Customers
14778.0,126,2,730.86,2,3,3,233,4,At Risk
14779.0,280,3,386.15,1,3,2,132,2,Lost Customers
14780.0,54,2,447.68,3,3,2,332,0,New Customers
14782.0,319,1,200.10000000000002,1,1,1,111,2,Lost Customers
14784.0,25,2,289.99,4,3,2,432,0,New Customers
14785.0,9,2,77.4,5,3,1,531,0,New Customers
14788.0,6,2,679.4399999999999,5,3,3,533,0,New Customers
14789.0,28,1,197.64,4,1,1,411,0,New Customers
14790.0,16,4,745.06,4,4,3,443,1,Loyal Customers
14792.0,63,1,6.2,3,1,1,311,2,Lost Customers
14793.0,20,1,228.99,4,1,1,411,0,New Customers
14794.0,2,7,1319.91,5,5,4,554,1,Loyal Customers
14795.0,165,1,131.45000000000002,2,1,1,211,2,Lost Customers
14796.0,0,17,8022.49,5,5,5,555,3,champions
14798.0,52,3,173.74,3,3,1,331,0,New Customers
14799.0,50,1,157.7,3,1,1,311,0,New Customers
14800.0,47,12,4339.74,3,5,5,355,3,champions
14801.0,60,1,193.14,3,1,1,311,2,Lost Customers
14803.0,161,3,845.55,2,3,3,233,4,At Risk
14804.0,8,1,353.27,5,1,2,512,0,New Customers
14805.0,14,4,554.65,4,4,3,443,1,Loyal Customers
14806.0,74,1,193.39000000000001,2,1,1,211,2,Lost Customers
14808.0,39,8,2741.17,3,5,5,355,1,Loyal Customers
14810.0,40,11,2087.88,3,5,5,355,1,Loyal Customers
14813.0,369,2,155.43,1,3,1,131,2,Lost Customers
14815.0,36,2,778.5,3,3,3,333,4,At Risk
14816.0,196,1,271.85,1,1,2,112,2,Lost Customers
14817.0,199,2,1110.34,1,3,4,134,4,At Risk
14818.0,73,3,657.8,2,3,3,233,4,At Risk
14819.0,63,2,272.07,3,3,2,332,0,New Customers
14820.0,20,4,507.29,4,4,3,443,0,New Customers
14821.0,366,1,48.800000000000004,1,1,1,111,2,Lost Customers
14823.0,179,3,321.43,1,3,2,132,2,Lost Customers
14824.0,9,4,1127.71,5,4,4,544,1,Loyal Customers
14825.0,3,12,2226.91,5,5,5,555,3,champions
14828.0,196,3,2139.76,1,3,5,135,4,At Risk
14829.0,28,4,697.55,4,4,3,443,4,At Risk
14830.0,52,1,197.13,3,1,1,311,0,New Customers
14834.0,17,6,1720.3,4,5,4,454,1,Loyal Customers
14836.0,9,3,102.44999999999999,5,3,1,531,0,New Customers
14837.0,89,4,1649.5,2,4,4,244,4,At Risk
14840.0,267,1,62.85,1,1,1,111,2,Lost Customers
14841.0,52,6,3295.76,3,5,5,355,1,Loyal Customers
14842.0,43,4,2824.69,3,4,5,345,4,At Risk
14844.0,63,4,3189.81,3,4,5,345,4,At Risk
14847.0,148,1,309.4,2,1,2,212,2,Lost Customers
14849.0,21,25,7930.54,4,5,5,455,3,champions
14850.0,311,1,325.75,1,1,2,112,2,Lost Customers
14851.0,22,2,511.35,4,3,3,433,0,New Customers
14852.0,57,6,2836.69,3,5,5,355,1,Loyal Customers
14853.0,23,2,475.8,4,3,2,432,0,New Customers
14854.0,77,7,2759.83,2,5,5,255,4,At Risk
14855.0,118,2,645.65,2,3,3,233,4,At Risk
14856.0,35,3,1311.3799999999999,3,3,4,334,4,At Risk
14857.0,59,2,1173.12,3,3,4,334,4,At Risk
14859.0,12,4,1353.74,5,4,4,544,1,Loyal Customers
14860.0,18,1,170.32,4,1,1,411,0,New Customers
14861.0,51,1,125.79,3,1,1,311,0,New Customers
14862.0,25,2,841.1999999999999,4,3,3,433,0,New Customers
14863.0,28,1,266.76,4,1,2,412,0,New Customers
14865.0,6,2,52.2,5,3,1,531,0,New Customers
14866.0,10,12,14389.9,5,5,5,555,3,champions
14867.0,185,3,710.28,1,3,3,133,4,At Risk
14868.0,2,8,2953.59,5,5,5,555,1,Loyal Customers
14869.0,8,2,725.7,5,3,3,533,0,New Customers
14870.0,261,1,327.25,1,1,2,112,2,Lost Customers
14871.0,2,4,522.38,5,4,3,543,1,Loyal Customers
14873.0,209,1,519.68,1,1,3,113,2,Lost Customers
14875.0,107,2,1465.3200000000002,2,3,4,234,4,At Risk
14878.0,12,9,1485.54,5,5,4,554,1,Loyal Customers
14880.0,76,3,706.19,2,3,3,233,4,At Risk
14881.0,19,1,255.4,4,1,2,412,0,New Customers
14882.0,26,2,589.7,4,3,3,433,0,New Customers
14883.0,18,6,761.59,4,5,3,453,1,Loyal Customers
14885.0,131,1,765.3199999999999,2,1,3,213,2,Lost Customers
14886.0,252,1,364.8,1,1,2,112,2,Lost Customers
14887.0,78,1,1862.0,2,1,4,214,4,At Risk
14888.0,206,1,369.2,1,1,2,112,2,Lost Customers
14889.0,335,1,135.9,1,1,1,111,2,Lost Customers
14890.0,253,1,125.65,1,1,1,111,2,Lost Customers
14891.0,147,2,554.38,2,3,3,233,4,At Risk
14893.0,9,2,1237.8500000000001,5,3,4,534,1,Loyal Customers
14894.0,84,1,655.75,2,1,3,213,2,Lost Customers
14895.0,7,20,11138.710000000001,5,5,5,555,3,champions
14896.0,204,2,468.77000000000004,1,3,2,132,2,Lost Customers
14897.0,7,4,1366.38,5,4,4,544,1,Loyal Customers
14898.0,22,6,1303.52,4,5,4,454,1,Loyal Customers
14901.0,10,9,1421.29,5,5,4,554,1,Loyal Customers
14902.0,25,1,332.66,4,1,2,412,0,New Customers
14903.0,20,5,2810.63,4,4,5,445,1,Loyal Customers
14904.0,1,2,1025.44,5,3,4,534,1,Loyal Customers
14905.0,157,2,616.15,2,3,3,233,4,At Risk
14907.0,2,7,3501.1,5,5,5,555,1,Loyal Customers
14908.0,73,1,277.8,2,1,2,212,2,Lost Customers
14910.0,2,4,434.35,5,4,2,542,1,Loyal Customers
14911.0,0,201,143825.06,5,5,5,555,3,champions
14912.0,16,2,867.85,4,3,3,433,0,New Customers
14913.0,35,4,1227.43,3,4,4,344,4,At Risk
14915.0,90,2,307.48,2,3,2,232,2,Lost Customers
14916.0,70,4,1268.98,3,4,4,344,4,At Risk
14918.0,115,2,1610.15,2,3,4,234,4,At Risk
14920.0,212,2,977.77,1,3,4,134,4,At Risk
14921.0,29,2,1316.07,4,3,4,434,4,At Risk
14923.0,50,1,749.1,3,1,3,313,0,New Customers
14924.0,245,1,310.05,1,1,2,112,2,Lost Customers
14929.0,31,1,223.88,4,1,1,411,0,New Customers
14930.0,108,3,2372.86,2,3,5,235,4,At Risk
14931.0,4,5,1257.68,5,4,4,544,1,Loyal Customers
14932.0,365,1,363.53,1,1,2,112,2,Lost Customers
14934.0,81,2,1890.94,2,3,4,234,4,At Risk
14935.0,296,1,1784.71,1,1,4,114,4,At Risk
14936.0,33,8,8137.02,3,5,5,355,1,Loyal Customers
14937.0,56,3,1621.88,3,3,4,334,4,At Risk
14944.0,29,12,5900.25,4,5,5,455,3,champions
14946.0,13,1,100.9,4,1,1,411,0,New Customers
14947.0,71,2,290.82,3,3,2,332,2,Lost Customers
14948.0,22,6,1101.97,4,5,4,454,1,Loyal Customers
14950.0,18,1,371.2,4,1,2,412,0,New Customers
14951.0,78,1,311.69,2,1,2,212,2,Lost Customers
14952.0,59,11,8099.49,3,5,5,355,3,champions
14953.0,24,1,289.82,4,1,2,412,0,New Customers
14954.0,11,1,336.17,5,1,2,512,0,New Customers
14957.0,252,1,58.49,1,1,1,111,2,Lost Customers
14958.0,146,3,499.68,2,3,3,233,4,At Risk
14959.0,63,4,695.42,3,4,3,343,4,At Risk
14960.0,7,2,221.27,5,3,1,531,0,New Customers
14961.0,10,9,7044.68,5,5,5,555,3,champions
14962.0,270,1,126.7,1,1,1,111,2,Lost Customers
14963.0,9,5,1487.8,5,4,4,544,1,Loyal Customers
14964.0,246,1,206.21,1,1,1,111,2,Lost Customers
14965.0,95,2,599.0,2,3,3,233,4,At Risk
14966.0,14,1,191.32,4,1,1,411,0,New Customers
14967.0,49,1,463.8,3,1,2,312,0,New Customers
14968.0,29,1,147.59,4,1,1,411,0,New Customers
14970.0,67,4,1592.06,3,4,4,344,4,At Risk
14971.0,34,3,1116.57,3,3,4,334,4,At Risk
14972.0,127,1,114.77,2,1,1,211,2,Lost Customers
14973.0,106,3,1314.45,2,3,4,234,4,At Risk
14974.0,36,1,114.39,3,1,1,311,0,New Customers
14975.0,56,1,279.94,3,1,2,312,0,New Customers
14976.0,56,7,790.86,3,5,3,353,4,At Risk
14978.0,71,5,1931.42,3,4,4,344,4,At Risk
14981.0,245,1,102.12,1,1,1,111,2,Lost Customers
14984.0,18,2,213.27,4,3,1,431,0,New Customers
14985.0,197,2,296.75,1,3,2,132,2,Lost Customers
14987.0,15,2,326.4,4,3,2,432,0,New Customers
14988.0,211,1,334.54,1,1,2,112,2,Lost Customers
14995.0,38,2,233.23000000000002,3,3,1,331,0,New Customers
14997.0,45,3,546.1999999999999,3,3,3,333,4,At Risk
14998.0,169,2,429.87,2,3,2,232,2,Lost Customers
15000.0,47,1,490.52,3,1,3,313,0,New Customers
15002.0,115,4,1641.76,2,4,4,244,4,At Risk
15004.0,146,1,1246.32,2,1,4,214,4,At Risk
15005.0,15,28,6316.57,4,5,5,455,3,champions
15006.0,50,1,502.09,3,1,3,313,0,New Customers
15007.0,158,1,156.91,2,1,1,211,2,Lost Customers
15009.0,11,3,1261.78,5,3,4,534,1,Loyal Customers
15010.0,35,1,308.94,3,1,2,312,0,New Customers
15012.0,53,2,423.04,3,3,2,332,0,New Customers
15014.0,42,2,260.17,3,3,2,332,0,New Customers
15016.0,172,1,170.04,2,1,1,211,2,Lost Customers
15017.0,33,1,125.58,3,1,1,311,0,New Customers
15018.0,38,3,496.21000000000004,3,3,3,333,0,New Customers
15019.0,266,1,266.0,1,1,2,112,2,Lost Customers
15021.0,8,9,1914.82,5,5,4,554,1,Loyal Customers
15022.0,11,4,905.04,5,4,3,543,1,Loyal Customers
15023.0,2,11,6802.76,5,5,5,555,3,champions
15024.0,9,10,1661.33,5,5,4,554,1,Loyal Customers
15025.0,32,1,377.01,4,1,2,412,0,New Customers
15026.0,79,3,469.0,2,3,2,232,4,At Risk
15027.0,30,4,1066.1499999999999,4,4,4,444,1,Loyal Customers
15028.0,7,4,627.13,5,4,3,543,1,Loyal Customers
15030.0,71,2,518.28,3,3,3,333,4,At Risk
15031.0,3,4,668.14,5,4,3,543,1,Loyal Customers
15032.0,255,3,4959.1,1,3,5,135,4,At Risk
15033.0,4,10,2586.67,5,5,5,555,1,Loyal Customers
15034.0,15,8,4308.61,4,5,5,455,1,Loyal Customers
15035.0,89,1,252.73000000000002,2,1,2,212,2,Lost Customers
15036.0,71,3,465.55,3,3,2,332,4,At Risk
15038.0,58,6,705.49,3,5,3,353,4,At Risk
15039.0,9,47,19914.44,5,5,5,555,3,champions
15041.0,169,1,180.35,2,1,1,211,2,Lost Customers
15042.0,198,1,135.93,1,1,1,111,2,Lost Customers
15043.0,30,1,537.0,4,1,3,413,0,New Customers
15044.0,18,17,7700.2300000000005,4,5,5,455,3,champions
15045.0,151,2,735.66,2,3,3,233,4,At Risk
15046.0,8,15,5213.7699999999995,5,5,5,555,3,champions
15047.0,269,1,343.62,1,1,2,112,2,Lost Customers
15048.0,64,4,384.05,3,4,2,342,4,At Risk
15049.0,273,1,121.17000000000002,1,1,1,111,2,Lost Customers
15050.0,24,3,1782.09,4,3,4,434,1,Loyal Customers
15051.0,22,3,1391.61,4,3,4,434,1,Loyal Customers
15052.0,318,1,215.78,1,1,1,111,2,Lost Customers
15053.0,4,3,697.79,5,3,3,533,1,Loyal Customers
15054.0,11,2,302.1,5,3,2,532,0,New Customers
15057.0,274,2,1489.5,1,3,4,134,4,At Risk
15058.0,24,11,2124.9900000000002,4,5,5,455,1,Loyal Customers
15059.0,40,9,1337.72,3,5,4,354,1,Loyal Customers
15060.0,7,4,303.09,5,4,2,542,0,New Customers
15061.0,3,48,54534.14,5,5,5,555,3,champions
15062.0,70,4,987.86,3,4,4,344,4,At Risk
15063.0,212,1,370.79999999999995,1,1,2,112,2,Lost Customers
15065.0,37,4,3158.13,3,4,5,345,1,Loyal Customers
15066.0,52,1,893.59,3,1,3,313,4,At Risk
15067.0,77,3,1744.76,2,3,4,234,4,At Risk
15068.0,45,2,553.36,3,3,3,333,0,New Customers
15069.0,178,1,1109.53,2,1,4,214,4,At Risk
15070.0,372,1,106.2,1,1,1,111,2,Lost Customers
15071.0,93,2,982.07,2,3,4,234,4,At Risk
15073.0,9,3,1043.41,5,3,4,534,1,Loyal Customers
15074.0,104,1,748.87,2,1,3,213,4,At Risk
15075.0,77,1,773.03,2,1,3,213,4,At Risk
15076.0,172,1,880.85,2,1,3,213,2,Lost Customers
15078.0,6,32,9743.11,5,5,5,555,3,champions
15079.0,212,4,895.61,1,4,3,143,4,At Risk
15081.0,21,5,504.8,4,4,3,443,1,Loyal Customers
15083.0,256,1,88.2,1,1,1,111,2,Lost Customers
15087.0,281,1,306.94,1,1,2,112,2,Lost Customers
15088.0,20,2,1160.07,4,3,4,434,0,New Customers
15089.0,9,6,2420.84,5,5,5,555,1,Loyal Customers
15090.0,307,1,381.32,1,1,2,112,2,Lost Customers
15091.0,67,1,480.71,3,1,2,312,0,New Customers
15092.0,214,2,457.81,1,3,2,132,2,Lost Customers
15093.0,17,6,4597.02,4,5,5,455,1,Loyal Customers
15095.0,103,4,1370.6,2,4,4,244,4,At Risk
15096.0,42,1,219.39000000000001,3,1,1,311,0,New Customers
15097.0,3,1,248.08,5,1,1,511,0,New Customers
15098.0,181,3,39916.5,1,3,5,135,4,At Risk
15099.0,83,1,410.48,2,1,2,212,2,Lost Customers
15100.0,333,3,876.0,1,3,3,133,4,At Risk
15101.0,8,2,317.53,5,3,2,532,0,New Customers
15103.0,30,2,703.36,4,3,3,433,0,New Customers
15104.0,196,2,1027.44,1,3,4,134,4,At Risk
15105.0,17,7,2298.93,4,5,5,455,1,Loyal Customers
15106.0,17,5,1422.52,4,4,4,444,1,Loyal Customers
15107.0,310,6,319.5,1,5,2,152,4,At Risk
15108.0,141,4,1300.25,2,4,4,244,4,At Risk
15109.0,245,1,484.95,1,1,2,112,2,Lost Customers
15110.0,23,4,996.1,4,4,4,444,1,Loyal Customers
15111.0,28,3,1567.48,4,3,4,434,4,At Risk
15113.0,9,3,3609.33,5,3,5,535,1,Loyal Customers
15114.0,29,10,2760.56,4,5,5,455,1,Loyal Customers
15115.0,17,1,340.11,4,1,2,412,0,New Customers
15116.0,17,4,1352.75,4,4,4,444,1,Loyal Customers
15117.0,14,5,1551.78,4,4,4,444,1,Loyal Customers
15118.0,133,1,244.8,2,1,1,211,2,Lost Customers
15119.0,245,1,266.4,1,1,2,112,2,Lost Customers
15120.0,133,1,358.82,2,1,2,212,2,Lost Customers
15121.0,49,2,457.72,3,3,2,332,0,New Customers
15122.0,113,3,1633.78,2,3,4,234,4,At Risk
15123.0,6,2,2199.31,5,3,5,535,1,Loyal Customers
15124.0,22,2,184.19,4,3,1,431,0,New Customers
15125.0,24,15,11528.48,4,5,5,455,3,champions
15127.0,65,1,406.53,3,1,2,312,0,New Customers
15128.0,59,4,1471.0,3,4,4,344,4,At Risk
15129.0,49,11,3447.4,3,5,5,355,1,Loyal Customers
15130.0,169,1,330.11,2,1,2,212,2,Lost Customers
15132.0,17,5,977.9300000000001,4,4,4,444,1,Loyal Customers
15133.0,127,3,982.42,2,3,4,234,4,At Risk
15134.0,14,8,1387.99,4,5,4,454,1,Loyal Customers
15135.0,238,1,139.05,1,1,1,111,2,Lost Customers
15136.0,2,4,1286.7,5,4,4,544,1,Loyal Customers
15139.0,239,2,178.96,1,3,1,131,2,Lost Customers
15140.0,51,7,2354.25,3,5,5,355,1,Loyal Customers
15142.0,45,1,498.74,3,1,3,313,0,New Customers
15143.0,225,1,259.45,1,1,2,112,2,Lost Customers
15144.0,7,17,6580.44,5,5,5,555,3,champions
15145.0,3,4,1194.73,5,4,4,544,1,Loyal Customers
15146.0,164,2,1327.16,2,3,4,234,4,At Risk
15147.0,239,1,623.5,1,1,3,113,2,Lost Customers
15148.0,10,1,301.29,5,1,2,512,0,New Customers
15149.0,133,1,520.8000000000001,2,1,3,213,2,Lost Customers
15150.0,16,10,5314.47,4,5,5,455,3,champions
15152.0,9,13,4745.69,5,5,5,555,3,champions
15153.0,30,1,329.25,4,1,2,412,0,New Customers
15154.0,74,1,296.42,2,1,2,212,2,Lost Customers
15156.0,0,3,961.49,5,3,4,534,1,Loyal Customers
15157.0,3,3,1936.07,5,3,4,534,1,Loyal Customers
15158.0,44,1,401.40000000000003,3,1,2,312,0,New Customers
15159.0,1,30,18641.010000000002,5,5,5,555,3,champions
15160.0,356,1,158.16,1,1,1,111,2,Lost Customers
15163.0,17,2,304.47,4,3,2,432,0,New Customers
15164.0,68,3,843.05,3,3,3,333,4,At Risk
15165.0,372,1,487.75,1,1,2,112,2,Lost Customers
15167.0,320,1,163.0,1,1,1,111,2,Lost Customers
15168.0,25,1,106.56,4,1,1,411,0,New Customers
15171.0,330,1,1289.5,1,1,4,114,4,At Risk
15172.0,8,5,1624.05,5,4,4,544,1,Loyal Customers
15174.0,322,1,135.75,1,1,1,111,2,Lost Customers
15175.0,71,1,224.14,3,1,1,311,2,Lost Customers
15178.0,259,1,40.5,1,1,1,111,2,Lost Customers
15179.0,17,5,2206.95,4,4,5,445,1,Loyal Customers
15180.0,366,1,87.5,1,1,1,111,2,Lost Customers
15181.0,65,3,689.4799999999999,3,3,3,333,4,At Risk
15182.0,153,2,622.85,2,3,3,233,4,At Risk
15184.0,28,2,406.76,4,3,2,432,0,New Customers
15185.0,69,1,310.62,3,1,2,312,2,Lost Customers
15186.0,13,2,411.41,4,3,2,432,0,New Customers
15187.0,1,16,4777.18,5,5,5,555,3,champions
15189.0,0,41,16225.39,5,5,5,555,3,champions
15192.0,119,3,1044.32,2,3,4,234,4,At Risk
15193.0,60,1,499.32,3,1,3,313,0,New Customers
15194.0,2,15,7616.53,5,5,5,555,3,champions
15195.0,2,1,3861.0,5,1,5,515,1,Loyal Customers
15197.0,10,3,1079.6100000000001,5,3,4,534,1,Loyal Customers
15198.0,91,2,193.64,2,3,1,231,2,Lost Customers
15199.0,58,4,1268.7,3,4,4,344,4,At Risk
15201.0,86,5,1236.54,2,4,4,244,4,At Risk
15203.0,25,6,1827.8,4,5,4,454,1,Loyal Customers
15204.0,356,1,316.58,1,1,2,112,2,Lost Customers
15205.0,84,2,653.24,2,3,3,233,4,At Risk
15206.0,9,4,420.29999999999995,5,4,2,542,0,New Customers
15208.0,0,5,870.12,5,4,3,543,1,Loyal Customers
15210.0,224,1,331.18,1,1,2,112,2,Lost Customers
15211.0,59,2,894.4100000000001,3,3,3,333,4,At Risk
15212.0,240,1,101.8,1,1,1,111,2,Lost Customers
15213.0,318,2,328.35,1,3,2,132,2,Lost Customers
15214.0,1,8,1661.44,5,5,4,554,1,Loyal Customers
15215.0,46,3,734.94,3,3,3,333,4,At Risk
15216.0,87,1,96.6,2,1,1,211,2,Lost Customers
15218.0,10,11,5756.89,5,5,5,555,3,champions
15219.0,175,1,305.75,2,1,2,212,2,Lost Customers
15220.0,51,6,1778.96,3,5,4,354,1,Loyal Customers
15221.0,365,1,403.25,1,1,2,112,2,Lost Customers
15222.0,318,1,585.0,1,1,3,113,2,Lost Customers
15223.0,225,2,755.75,1,3,3,133,4,At Risk
15224.0,357,2,322.08,1,3,2,132,2,Lost Customers
15225.0,233,1,409.40000000000003,1,1,2,112,2,Lost Customers
15226.0,310,1,154.41,1,1,1,111,2,Lost Customers
15227.0,36,5,1219.4,3,4,4,344,1,Loyal Customers
15228.0,65,4,3386.71,3,4,5,345,4,At Risk
15230.0,238,2,429.6,1,3,2,132,2,Lost Customers
15232.0,112,2,612.06,2,3,3,233,4,At Risk
15234.0,276,1,197.0,1,1,1,111,2,Lost Customers
15235.0,217,12,2247.51,1,5,5,155,4,At Risk
15236.0,298,1,321.05,1,1,2,112,2,Lost Customers
15237.0,1,4,1412.32,5,4,4,544,1,Loyal Customers
15238.0,28,3,1071.99,4,3,4,434,4,At Risk
15239.0,9,2,780.59,5,3,3,533,0,New Customers
15240.0,44,5,1706.57,3,4,4,344,4,At Risk
15241.0,66,8,1756.44,3,5,4,354,1,Loyal Customers
15243.0,73,1,316.68,2,1,2,212,2,Lost Customers
15244.0,64,2,631.57,3,3,3,333,4,At Risk
15245.0,133,3,2515.84,2,3,5,235,4,At Risk
15246.0,237,2,514.15,1,3,3,133,2,Lost Customers
15247.0,121,1,356.0,2,1,2,212,2,Lost Customers
15249.0,31,13,6688.46,4,5,5,455,3,champions
15251.0,8,11,10484.99,5,5,5,555,3,champions
15252.0,35,2,740.78,3,3,3,333,0,New Customers
15253.0,15,5,918.1999999999999,4,4,3,443,1,Loyal Customers
15254.0,126,1,300.36,2,1,2,212,2,Lost Customers
15255.0,66,1,890.85,3,1,3,313,4,At Risk
15256.0,148,1,98.45,2,1,1,211,2,Lost Customers
15257.0,282,1,317.15,1,1,2,112,2,Lost Customers
15258.0,168,2,623.16,2,3,3,233,4,At Risk
15260.0,99,7,1810.77,2,5,4,254,4,At Risk
15261.0,134,1,254.82,2,1,2,212,2,Lost Customers
15262.0,323,1,178.95000000000002,1,1,1,111,2,Lost Customers
15263.0,106,1,156.51,2,1,1,211,2,Lost Customers
15264.0,63,1,393.74,3,1,2,312,0,New Customers
15265.0,150,2,1506.1200000000001,2,3,4,234,4,At Risk
15266.0,337,1,119.3,1,1,1,111,2,Lost Customers
15267.0,21,5,1717.36,4,4,4,444,1,Loyal Customers
15269.0,23,1,408.8,4,1,2,412,0,New Customers
15270.0,15,7,2379.49,4,5,5,455,1,Loyal Customers
15271.0,6,15,2507.07,5,5,5,555,3,champions
15272.0,56,2,721.94,3,3,3,333,4,At Risk
15274.0,3,2,716.57,5,3,3,533,0,New Customers
15275.0,37,1,615.14,3,1,3,313,0,New Customers
15276.0,65,1,135.31,3,1,1,311,2,Lost Customers
15277.0,46,1,255.89999999999998,3,1,2,312,0,New Customers
15279.0,354,1,290.51,1,1,2,112,2,Lost Customers
15280.0,171,1,113.12,2,1,1,211,2,Lost Customers
15281.0,58,9,2332.15,3,5,5,355,1,Loyal Customers
15286.0,49,1,240.55,3,1,1,311,0,New Customers
15287.0,21,2,486.69,4,3,2,432,0,New Customers
15288.0,42,5,2306.52,3,4,5,345,1,Loyal Customers
15289.0,28,3,939.78,4,3,3,433,4,At Risk
15290.0,4,18,7943.22,5,5,5,555,3,champions
15291.0,25,15,4668.3,4,5,5,455,3,champions
15292.0,200,1,180.94,1,1,1,111,2,Lost Customers
15296.0,50,6,3672.86,3,5,5,355,1,Loyal Customers
15297.0,9,3,641.94,5,3,3,533,0,New Customers
15298.0,1,12,4799.9,5,5,5,555,3,champions
15299.0,66,7,4507.01,3,5,5,355,1,Loyal Customers
15300.0,63,1,496.44,3,1,3,313,0,New Customers
15301.0,50,12,5070.35,3,5,5,355,3,champions
15303.0,289,1,574.02,1,1,3,113,2,Lost Customers
15304.0,60,8,694.4000000000001,3,5,3,353,4,At Risk
15306.0,63,3,1174.35,3,3,4,334,4,At Risk
15307.0,95,1,205.3,2,1,1,211,2,Lost Customers
15308.0,273,1,310.47,1,1,2,112,2,Lost Customers
15311.0,0,91,60767.9,5,5,5,555,3,champions
15312.0,74,4,924.85,2,4,3,243,4,At Risk
15313.0,109,1,52.0,2,1,1,211,2,Lost Customers
15314.0,198,1,327.97,1,1,2,112,2,Lost Customers
15315.0,63,2,570.5,3,3,3,333,4,At Risk
15316.0,326,1,165.0,1,1,1,111,2,Lost Customers
15318.0,3,1,312.62,5,1,2,512,0,New Customers
15319.0,283,1,204.5,1,1,1,111,2,Lost Customers
15320.0,43,1,267.13,3,1,2,312,0,New Customers
15321.0,70,3,2748.31,3,3,5,335,4,At Risk
15322.0,85,1,679.68,2,1,3,213,4,At Risk
15325.0,103,1,162.29,2,1,1,211,2,Lost Customers
15326.0,333,1,311.71,1,1,2,112,2,Lost Customers
15327.0,52,1,208.75,3,1,1,311,0,New Customers
15329.0,38,3,1049.7,3,3,4,334,4,At Risk
15330.0,31,2,714.96,4,3,3,433,0,New Customers
15332.0,365,4,1661.06,1,4,4,144,4,At Risk
15333.0,207,1,1028.56,1,1,4,114,4,At Risk
15334.0,156,3,351.67,2,3,2,232,2,Lost Customers
15335.0,53,1,173.97,3,1,1,311,0,New Customers
15339.0,65,2,574.07,3,3,3,333,4,At Risk
15341.0,80,1,2020.52,2,1,4,214,4,At Risk
15342.0,129,1,406.09,2,1,2,212,2,Lost Customers
15343.0,86,1,364.5,2,1,2,212,2,Lost Customers
15344.0,0,3,563.94,5,3,3,533,1,Loyal Customers
15345.0,45,1,393.54,3,1,2,312,0,New Customers
15346.0,332,1,252.42000000000002,1,1,2,112,2,Lost Customers
15347.0,365,1,201.60000000000002,1,1,1,111,2,Lost Customers
15348.0,71,1,158.04,3,1,1,311,2,Lost Customers
15349.0,157,2,473.81,2,3,2,232,2,Lost Customers
15350.0,372,1,115.65,1,1,1,111,2,Lost Customers
15351.0,11,7,1960.1100000000001,5,5,4,554,1,Loyal Customers
15353.0,254,2,777.02,1,3,3,133,4,At Risk
15355.0,28,2,277.05,4,3,2,432,0,New Customers
15356.0,30,10,2766.5,4,5,5,455,1,Loyal Customers
15358.0,4,22,8347.2,5,5,5,555,3,champions
15360.0,39,1,427.93,3,1,2,312,0,New Customers
15361.0,361,1,418.92,1,1,2,112,2,Lost Customers
15363.0,372,1,326.0,1,1,2,112,2,Lost Customers
15364.0,95,2,913.19,2,3,3,233,4,At Risk
15365.0,25,7,2314.32,4,5,5,455,1,Loyal Customers
15366.0,74,2,602.51,2,3,3,233,4,At Risk
15367.0,56,4,1877.59,3,4,4,344,4,At Risk
15368.0,20,1,446.94000000000005,4,1,2,412,0,New Customers
15370.0,40,7,2386.05,3,5,5,355,1,Loyal Customers
15372.0,136,1,2007.3999999999999,2,1,4,214,4,At Risk
15373.0,7,12,2415.91,5,5,5,555,3,champions
15374.0,128,1,168.0,2,1,1,211,2,Lost Customers
15376.0,39,3,1233.3600000000001,3,3,4,334,4,At Risk
15379.0,168,7,3703.29,2,5,5,255,4,At Risk
15380.0,8,5,1690.2600000000002,5,4,4,544,1,Loyal Customers
15381.0,213,2,596.85,1,3,3,133,4,At Risk
15382.0,14,6,5955.71,4,5,5,455,1,Loyal Customers
15384.0,169,2,642.41,2,3,3,233,4,At Risk
15385.0,39,1,316.88,3,1,2,312,0,New Customers
15386.0,185,1,394.14,1,1,2,112,2,Lost Customers
15388.0,269,1,140.54,1,1,1,111,2,Lost Customers
15389.0,171,1,500.0,2,1,3,213,2,Lost Customers
15392.0,4,4,1535.53,5,4,4,544,1,Loyal Customers
15393.0,15,2,231.86,4,3,1,431,0,New Customers
15394.0,9,4,2183.54,5,4,5,545,1,Loyal Customers
15395.0,325,1,107.45,1,1,1,111,2,Lost Customers
15396.0,112,1,288.18,2,1,2,212,2,Lost Customers
15397.0,289,1,94.0,1,1,1,111,2,Lost Customers
15398.0,15,2,1345.53,4,3,4,434,1,Loyal Customers
15399.0,0,3,815.77,5,3,3,533,1,Loyal Customers
15400.0,91,5,716.2,2,4,3,243,4,At Risk
15402.0,148,2,626.77,2,3,3,233,4,At Risk
15405.0,188,1,349.1,1,1,2,112,2,Lost Customers
15406.0,30,2,510.71000000000004,4,3,3,433,0,New Customers
15407.0,33,4,1056.44,3,4,4,344,4,At Risk
15408.0,263,1,267.18,1,1,2,112,2,Lost Customers
15410.0,83,8,3450.84,2,5,5,255,1,Loyal Customers
15411.0,25,4,1358.88,4,4,4,444,1,Loyal Customers
15412.0,170,1,190.53,2,1,1,211,2,Lost Customers
15414.0,9,3,774.9000000000001,5,3,3,533,1,Loyal Customers
15415.0,312,1,572.8100000000001,1,1,3,113,2,Lost Customers
15416.0,64,4,3984.32,3,4,5,345,4,At Risk
15417.0,84,1,508.8,2,1,3,213,2,Lost Customers
15419.0,24,1,135.86,4,1,1,411,0,New Customers
15421.0,58,4,950.36,3,4,4,344,4,At Risk
15422.0,322,2,97.7,1,3,1,131,2,Lost Customers
15423.0,37,1,43.5,3,1,1,311,0,New Customers
15424.0,253,2,383.34,1,3,2,132,2,Lost Customers
15426.0,18,5,1447.39,4,4,4,444,1,Loyal Customers
15427.0,32,3,1483.14,4,3,4,434,4,At Risk
15428.0,14,1,93.78,4,1,1,411,0,New Customers
15429.0,26,2,397.35,4,3,2,432,0,New Customers
15432.0,22,1,171.19,4,1,1,411,0,New Customers
15433.0,213,2,533.3,1,3,3,133,2,Lost Customers
15434.0,7,5,1041.48,5,4,4,544,1,Loyal Customers
15435.0,21,1,149.29,4,1,1,411,0,New Customers
15436.0,11,3,1122.53,5,3,4,534,1,Loyal Customers
15437.0,261,1,200.16,1,1,1,111,2,Lost Customers
15438.0,130,1,156.57999999999998,2,1,1,211,2,Lost Customers
15440.0,54,3,383.68,3,3,2,332,4,At Risk
15442.0,248,1,594.0,1,1,3,113,2,Lost Customers
15443.0,1,7,3236.91,5,5,5,555,1,Loyal Customers
15444.0,8,2,1418.26,5,3,4,534,1,Loyal Customers
15445.0,263,1,113.5,1,1,1,111,2,Lost Customers
15447.0,330,1,155.17,1,1,1,111,2,Lost Customers
15448.0,312,1,494.64,1,1,3,113,2,Lost Customers
15449.0,25,3,974.52,4,3,4,434,4,At Risk
15450.0,29,1,429.84,4,1,2,412,0,New Customers
15452.0,29,3,538.73,4,3,3,433,0,New Customers
15453.0,1,7,1388.37,5,5,4,554,1,Loyal Customers
15454.0,361,1,179.1,1,1,1,111,2,Lost Customers
15456.0,282,3,447.22,1,3,2,132,2,Lost Customers
15457.0,261,1,237.07,1,1,1,111,2,Lost Customers
15458.0,24,1,161.64,4,1,1,411,0,New Customers
15460.0,353,1,216.76,1,1,1,111,2,Lost Customers
15462.0,93,3,234.6,2,3,1,231,2,Lost Customers
15463.0,28,1,126.14,4,1,1,411,0,New Customers
15464.0,337,1,1048.85,1,1,4,114,2,Lost Customers
15465.0,19,18,7354.62,4,5,5,455,3,champions
15466.0,84,1,334.53,2,1,2,212,2,Lost Customers
15467.0,8,3,524.88,5,3,3,533,0,New Customers
15468.0,50,2,467.51,3,3,2,332,0,New Customers
15469.0,49,2,538.55,3,3,3,333,0,New Customers
15471.0,1,1,469.48,5,1,2,512,0,New Customers
15472.0,112,1,371.56,2,1,2,212,2,Lost Customers
15473.0,13,7,1771.2,4,5,4,454,1,Loyal Customers
15475.0,76,1,454.10999999999996,2,1,2,212,2,Lost Customers
15478.0,39,2,1441.42,3,3,4,334,4,At Risk
15480.0,115,1,905.5,2,1,3,213,4,At Risk
15482.0,15,12,11054.96,4,5,5,455,3,champions
15483.0,160,4,233.81,2,4,1,241,2,Lost Customers
15484.0,0,4,3594.31,5,4,5,545,1,Loyal Customers
15485.0,29,3,2575.0,4,3,5,435,1,Loyal Customers
15488.0,92,1,91.32000000000001,2,1,1,211,2,Lost Customers
15489.0,22,3,1134.28,4,3,4,434,1,Loyal Customers
15491.0,94,6,3100.09,2,5,5,255,4,At Risk
15492.0,27,2,659.4599999999999,4,3,3,433,0,New Customers
15493.0,32,5,2001.8,4,4,4,444,1,Loyal Customers
15494.0,20,2,1299.23,4,3,4,434,4,At Risk
15497.0,17,2,1262.2,4,3,4,434,0,New Customers
15498.0,2,27,13316.4,5,5,5,555,3,champions
15500.0,7,4,1131.56,5,4,4,544,1,Loyal Customers
15502.0,15,12,10384.93,4,5,5,455,3,champions
15503.0,362,1,147.09,1,1,1,111,2,Lost Customers
15504.0,80,1,52.83,2,1,1,211,2,Lost Customers
15505.0,52,5,3610.96,3,4,5,345,1,Loyal Customers
15506.0,22,3,979.26,4,3,4,434,1,Loyal Customers
15507.0,171,1,492.36,2,1,3,213,2,Lost Customers
15508.0,188,6,1000.27,1,5,4,154,4,At Risk
15510.0,330,1,250.0,1,1,1,111,2,Lost Customers
15511.0,11,5,909.23,5,4,3,543,1,Loyal Customers
15512.0,155,2,121.0,2,3,1,231,2,Lost Customers
15513.0,32,19,14758.220000000001,4,5,5,455,3,champions
15514.0,11,11,4139.46,5,5,5,555,3,champions
15516.0,44,3,62.43,3,3,1,331,0,New Customers
15517.0,232,1,267.03,1,1,2,112,2,Lost Customers
15518.0,63,8,1942.45,3,5,4,354,1,Loyal Customers
15520.0,1,1,343.5,5,1,2,512,0,New Customers
15521.0,39,8,3000.2,3,5,5,355,1,Loyal Customers
15522.0,32,2,398.84,4,3,2,432,0,New Customers
15523.0,83,1,412.01000000000005,2,1,2,212,2,Lost Customers
15524.0,24,1,440.0,4,1,2,412,0,New Customers
15525.0,1,3,825.92,5,3,3,533,1,Loyal Customers
15526.0,32,2,148.44,4,3,1,431,0,New Customers
15527.0,18,8,2429.78,4,5,5,455,1,Loyal Customers
15528.0,253,1,229.33,1,1,1,111,2,Lost Customers
15529.0,22,11,3995.23,4,5,5,455,3,champions
15530.0,21,4,1502.35,4,4,4,444,1,Loyal Customers
15531.0,7,2,2007.44,5,3,4,534,1,Loyal Customers
15532.0,24,4,1580.93,4,4,4,444,1,Loyal Customers
15533.0,18,3,807.57,4,3,3,433,1,Loyal Customers
15535.0,172,4,536.4,2,4,3,243,4,At Risk
15537.0,162,1,110.92,2,1,1,211,2,Lost Customers
15539.0,6,1,538.46,5,1,3,513,0,New Customers
15540.0,10,1,213.3,5,1,1,511,0,New Customers
15541.0,113,1,85.13000000000001,2,1,1,211,2,Lost Customers
15543.0,287,1,127.86,1,1,1,111,2,Lost Customers
15544.0,8,9,3546.71,5,5,5,555,1,Loyal Customers
15545.0,53,2,292.71999999999997,3,3,2,332,0,New Customers
15547.0,6,14,4954.84,5,5,5,555,3,champions
15549.0,76,3,1693.26,2,3,4,234,4,At Risk
15550.0,3,4,575.63,5,4,3,543,1,Loyal Customers
15551.0,36,1,436.06,3,1,2,312,0,New Customers
15552.0,216,1,90.12,1,1,1,111,2,Lost Customers
15553.0,59,1,437.23,3,1,2,312,0,New Customers
15554.0,277,1,217.2,1,1,1,111,2,Lost Customers
15555.0,11,16,4805.17,5,5,5,555,3,champions
15556.0,23,1,279.77,4,1,2,412,0,New Customers
15557.0,28,1,473.65000000000003,4,1,2,412,0,New Customers
15561.0,11,4,800.59,5,4,3,543,1,Loyal Customers
15562.0,351,1,134.55,1,1,1,111,2,Lost Customers
15563.0,21,4,1400.44,4,4,4,444,1,Loyal Customers
15565.0,49,2,173.16,3,3,1,331,0,New Customers
15567.0,18,1,186.01,4,1,1,411,0,New Customers
15568.0,2,3,758.29,5,3,3,533,1,Loyal Customers
15569.0,103,5,1375.71,2,4,4,244,4,At Risk
15570.0,6,12,4165.52,5,5,5,555,3,champions
15571.0,11,4,650.4300000000001,5,4,3,543,1,Loyal Customers
15572.0,4,7,2552.86,5,5,5,555,1,Loyal Customers
15573.0,31,2,607.45,4,3,3,433,0,New Customers
15574.0,177,4,702.25,2,4,3,243,4,At Risk
15576.0,37,1,940.6700000000001,3,1,3,313,0,New Customers
15577.0,150,3,258.88,2,3,2,232,2,Lost Customers
15578.0,161,1,127.1,2,1,1,211,2,Lost Customers
15579.0,68,2,348.6,3,3,2,332,0,New Customers
15581.0,120,13,3679.9700000000003,2,5,5,255,1,Loyal Customers
15582.0,24,3,682.9100000000001,4,3,3,433,0,New Customers
15584.0,23,4,725.11,4,4,3,443,1,Loyal Customers
15585.0,176,1,455.3,2,1,2,212,2,Lost Customers
15587.0,49,4,913.6800000000001,3,4,3,343,4,At Risk
15589.0,255,3,478.53000000000003,1,3,2,132,4,At Risk
15592.0,46,1,388.58,3,1,2,312,0,New Customers
15593.0,70,1,199.8,3,1,1,311,2,Lost Customers
15594.0,15,5,1771.78,4,4,4,444,1,Loyal Customers
15596.0,100,5,1406.59,2,4,4,244,4,At Risk
15597.0,34,1,324.57,3,1,2,312,0,New Customers
15598.0,52,1,240.68,3,1,1,311,0,New Customers
15599.0,26,2,761.74,4,3,3,433,0,New Customers
15601.0,10,14,6776.56,5,5,5,555,3,champions
15602.0,7,9,1297.8700000000001,5,5,4,554,1,Loyal Customers
15603.0,78,1,48.480000000000004,2,1,1,211,2,Lost Customers
15604.0,51,1,216.39,3,1,1,311,0,New Customers
15605.0,35,5,1198.23,3,4,4,344,1,Loyal Customers
15606.0,60,9,2920.16,3,5,5,355,1,Loyal Customers
15607.0,336,1,104.76,1,1,1,111,2,Lost Customers
15608.0,27,4,1093.68,4,4,4,444,1,Loyal Customers
15609.0,183,1,298.48,1,1,2,112,2,Lost Customers
15610.0,51,1,112.46000000000001,3,1,1,311,0,New Customers
15611.0,9,13,1591.45,5,5,4,554,1,Loyal Customers
15612.0,35,2,195.15,3,3,1,331,0,New Customers
15615.0,9,23,10399.74,5,5,5,555,3,champions
15618.0,32,4,776.851,4,4,3,443,4,At Risk
15619.0,10,1,336.40000000000003,5,1,2,512,0,New Customers
15620.0,56,3,1553.18,3,3,4,334,4,At Risk
15621.0,3,4,1293.03,5,4,4,544,1,Loyal Customers
15622.0,42,9,3709.56,3,5,5,355,1,Loyal Customers
15623.0,140,1,301.03,2,1,2,212,2,Lost Customers
15624.0,116,4,588.13,2,4,3,243,4,At Risk
15625.0,103,4,1534.26,2,4,4,244,4,At Risk
15626.0,74,2,675.8,2,3,3,233,4,At Risk
15628.0,4,9,2870.2400000000002,5,5,5,555,1,Loyal Customers
15630.0,44,2,1186.35,3,3,4,334,4,At Risk
15632.0,15,8,3285.31,4,5,5,455,1,Loyal Customers
15634.0,16,1,243.55,4,1,1,411,0,New Customers
15636.0,89,2,724.76,2,3,3,233,4,At Risk
15637.0,52,1,223.36,3,1,1,311,0,New Customers
15639.0,133,1,425.32,2,1,2,212,2,Lost Customers
15640.0,3,15,12515.66,5,5,5,555,3,champions
15641.0,104,4,1887.2,2,4,4,244,4,At Risk
15643.0,191,3,664.0,1,3,3,133,4,At Risk
15644.0,165,4,813.0,2,4,3,243,4,At Risk
15645.0,18,1,612.01,4,1,3,413,0,New Customers
15646.0,157,3,447.64000000000004,2,3,2,232,4,At Risk
15648.0,203,2,657.35,1,3,3,133,4,At Risk
15649.0,335,2,816.0,1,3,3,133,4,At Risk
15651.0,36,3,646.3,3,3,3,333,4,At Risk
15652.0,90,1,337.74,2,1,2,212,2,Lost Customers
15653.0,92,2,877.4399999999999,2,3,3,233,4,At Risk
15654.0,8,2,922.53,5,3,3,533,0,New Customers
15655.0,242,1,560.67,1,1,3,113,2,Lost Customers
15656.0,44,4,748.5,3,4,3,343,4,At Risk
15657.0,22,1,30.0,4,1,1,411,0,New Customers
15658.0,189,5,1024.1000000000001,1,4,4,144,4,At Risk
15659.0,43,1,306.45,3,1,2,312,0,New Customers
15660.0,24,9,1600.86,4,5,4,454,1,Loyal Customers
15661.0,316,2,309.8,1,3,2,132,2,Lost Customers
15663.0,105,1,138.14,2,1,1,211,2,Lost Customers
15664.0,50,1,386.43,3,1,2,312,0,New Customers
15665.0,167,2,2242.01,2,3,5,235,4,At Risk
15667.0,39,1,301.32,3,1,2,312,0,New Customers
15668.0,217,1,76.32000000000001,1,1,1,111,2,Lost Customers
15669.0,39,4,684.34,3,4,3,343,4,At Risk
15670.0,296,1,173.05,1,1,1,111,2,Lost Customers
15671.0,18,7,2657.13,4,5,5,455,1,Loyal Customers
15673.0,87,4,2881.02,2,4,5,245,4,At Risk
15674.0,72,5,2446.6,2,4,5,245,4,At Risk
15675.0,80,3,323.69,2,3,2,232,4,At Risk
15676.0,18,3,3435.76,4,3,5,435,1,Loyal Customers
15677.0,48,1,657.23,3,1,3,313,0,New Customers
15678.0,52,1,352.7,3,1,2,312,0,New Customers
15679.0,23,4,781.28,4,4,3,443,1,Loyal Customers
15680.0,8,3,1333.68,5,3,4,534,1,Loyal Customers
15681.0,24,5,1426.16,4,4,4,444,1,Loyal Customers
15683.0,116,1,193.75,2,1,1,211,2,Lost Customers
15687.0,8,9,2993.1,5,5,5,555,1,Loyal Customers
15689.0,119,2,254.1,2,3,2,232,2,Lost Customers
15690.0,3,2,239.76,5,3,1,531,0,New Customers
15691.0,251,1,136.8,1,1,1,111,2,Lost Customers
15692.0,27,1,191.04,4,1,1,411,0,New Customers
15694.0,0,14,6479.4,5,5,5,555,3,champions
15695.0,266,2,409.98,1,3,2,132,2,Lost Customers
15696.0,32,8,2736.46,4,5,5,455,1,Loyal Customers
15699.0,17,1,309.65,4,1,2,412,0,New Customers
15700.0,171,2,696.68,2,3,3,233,4,At Risk
15701.0,1,4,1542.14,5,4,4,544,1,Loyal Customers
15703.0,264,1,211.5,1,1,1,111,2,Lost Customers
15704.0,139,4,2293.62,2,4,5,245,4,At Risk
15705.0,200,1,143.1,1,1,1,111,2,Lost Customers
15706.0,63,4,1060.56,3,4,4,344,4,At Risk
15707.0,34,4,945.58,3,4,4,344,4,At Risk
15708.0,40,7,3364.2400000000002,3,5,5,355,1,Loyal Customers
15709.0,283,1,133.25,1,1,1,111,2,Lost Customers
15712.0,8,5,1072.3600000000001,5,4,4,544,1,Loyal Customers
15713.0,142,2,356.7,2,3,2,232,2,Lost Customers
15714.0,11,2,330.88,5,3,2,532,0,New Customers
15716.0,145,4,1118.81,2,4,4,244,4,At Risk
15717.0,233,1,150.3,1,1,1,111,2,Lost Customers
15719.0,32,13,5045.61,4,5,5,455,3,champions
15720.0,23,1,598.73,4,1,3,413,0,New Customers
15721.0,11,1,507.08,5,1,3,513,0,New Customers
15722.0,35,5,2222.56,3,4,5,345,1,Loyal Customers
15723.0,364,1,203.1,1,1,1,111,2,Lost Customers
15724.0,200,2,218.25,1,3,1,131,2,Lost Customers
15725.0,14,1,415.25,4,1,2,412,0,New Customers
15727.0,16,7,5178.96,4,5,5,455,1,Loyal Customers
15729.0,212,1,85.0,1,1,1,111,2,Lost Customers
15730.0,65,3,1120.88,3,3,4,334,4,At Risk
15732.0,211,2,294.12,1,3,2,132,2,Lost Customers
15733.0,282,1,162.3,1,1,1,111,2,Lost Customers
15734.0,114,2,1339.45,2,3,4,234,4,At Risk
15737.0,14,8,1205.1200000000001,4,5,4,454,1,Loyal Customers
15738.0,18,16,4812.42,4,5,5,455,3,champions
15739.0,65,1,449.12,3,1,2,312,0,New Customers
15740.0,48,1,154.88,3,1,1,311,0,New Customers
15743.0,15,4,784.46,4,4,3,443,1,Loyal Customers
15744.0,77,1,34.8,2,1,1,211,2,Lost Customers
15745.0,18,4,1094.59,4,4,4,444,1,Loyal Customers
15746.0,133,1,196.88,2,1,1,211,2,Lost Customers
15747.0,12,3,974.04,5,3,4,534,1,Loyal Customers
15748.0,39,1,149.31,3,1,1,311,0,New Customers
15749.0,234,3,44534.3,1,3,5,135,4,At Risk
15750.0,2,8,2465.48,5,5,5,555,1,Loyal Customers
15752.0,39,7,2637.38,3,5,5,355,1,Loyal Customers
15753.0,304,1,79.2,1,1,1,111,2,Lost Customers
15754.0,50,3,458.57,3,3,2,332,4,At Risk
15755.0,9,6,2364.25,5,5,5,555,1,Loyal Customers
15756.0,60,4,532.96,3,4,3,343,4,At Risk
15757.0,65,2,714.42,3,3,3,333,4,At Risk
15758.0,24,1,205.25,4,2,1,421,0,New Customers
15759.0,217,3,253.04,1,3,2,132,2,Lost Customers
15762.0,64,2,583.75,3,3,3,333,4,At Risk
15763.0,31,2,1086.92,4,3,4,434,4,At Risk
15764.0,87,6,3279.97,2,5,5,255,4,At Risk
15766.0,63,1,315.06,3,2,2,322,0,New Customers
15768.0,115,3,621.8299999999999,2,4,3,243,4,At Risk
15769.0,6,26,56252.72,5,5,5,555,3,champions
15773.0,5,1,635.6800000000001,5,2,3,523,0,New Customers
15774.0,68,1,270.8,3,2,2,322,2,Lost Customers
15775.0,244,1,104.9,1,2,1,121,2,Lost Customers
15776.0,132,1,241.62,2,2,1,221,2,Lost Customers
15777.0,240,4,1047.11,1,4,4,144,4,At Risk
15780.0,183,3,475.28000000000003,1,4,2,142,4,At Risk
15781.0,24,3,345.46,4,4,2,442,0,New Customers
15782.0,9,3,2614.7400000000002,5,4,5,545,1,Loyal Customers
15783.0,10,1,246.3,5,2,1,521,0,New Customers
15785.0,32,5,2328.9700000000003,4,4,5,445,1,Loyal Customers
15786.0,45,3,4932.2,3,4,5,345,4,At Risk
15787.0,25,3,948.05,4,4,4,444,4,At Risk
15789.0,357,1,351.3,1,2,2,122,2,Lost Customers
15790.0,9,1,220.85,5,2,1,521,0,New Customers
15791.0,43,2,1612.69,3,3,4,334,4,At Risk
15793.0,14,3,965.61,4,4,4,444,1,Loyal Customers
15795.0,149,1,610.01,2,2,3,223,2,Lost Customers
15796.0,0,8,2711.56,5,5,5,555,1,Loyal Customers
15797.0,112,4,2207.4,2,4,5,245,4,At Risk
15799.0,75,3,884.14,2,4,3,243,4,At Risk
15800.0,106,2,699.08,2,3,3,233,4,At Risk
15801.0,45,3,1063.95,3,4,4,344,4,At Risk
15802.0,142,1,451.42,2,2,2,222,2,Lost Customers
15803.0,50,1,415.82000000000005,3,2,2,322,0,New Customers
15804.0,0,13,4206.39,5,5,5,555,3,champions
15805.0,22,17,5528.4800000000005,4,5,5,455,3,champions
15806.0,45,3,784.58,3,4,3,343,4,At Risk
15807.0,49,3,903.9,3,4,3,343,4,At Risk
15808.0,305,4,3734.9700000000003,1,4,5,145,4,At Risk
15809.0,35,5,515.77,3,4,3,343,4,At Risk
15810.0,78,4,1391.98,2,4,4,244,4,At Risk
15811.0,21,6,2218.62,4,5,5,455,1,Loyal Customers
15812.0,106,5,1801.14,2,4,4,244,4,At Risk
15813.0,207,2,1303.9099999999999,1,3,4,134,4,At Risk
15814.0,16,4,1945.33,4,4,4,444,1,Loyal Customers
15815.0,63,5,2100.6,3,4,5,345,4,At Risk
15819.0,48,4,1905.45,3,4,4,344,4,At Risk
15820.0,319,1,206.98,1,2,1,121,2,Lost Customers
15821.0,43,2,570.96,3,3,3,333,0,New Customers
15822.0,2,2,885.47,5,3,3,533,0,New Customers
15823.0,371,1,15.0,1,2,1,121,2,Lost Customers
15825.0,171,1,532.94,2,2,3,223,2,Lost Customers
15826.0,55,3,1654.31,3,4,4,344,4,At Risk
15827.0,72,14,1836.0900000000001,2,5,4,254,1,Loyal Customers
15829.0,98,2,636.14,2,3,3,233,4,At Risk
15830.0,37,1,576.0,3,2,3,323,0,New Customers
15831.0,57,3,801.76,3,4,3,343,4,At Risk
15832.0,253,1,836.79,1,2,3,123,2,Lost Customers
15834.0,69,4,2233.75,3,4,5,345,4,At Risk
15835.0,43,4,954.09,3,4,4,344,4,At Risk
15836.0,49,1,137.37,3,2,1,321,0,New Customers
15837.0,64,1,391.98,3,2,2,322,0,New Customers
15838.0,10,19,33643.08,5,5,5,555,3,champions
15839.0,32,3,1048.49,4,4,4,444,4,At Risk
15840.0,58,2,355.56,3,3,2,332,0,New Customers
15841.0,72,4,1224.06,2,4,4,244,4,At Risk
15843.0,303,1,118.95000000000002,1,2,1,121,2,Lost Customers
15844.0,45,1,130.73999999999998,3,2,1,321,0,New Customers
15845.0,17,8,3711.77,4,5,5,455,1,Loyal Customers
15847.0,37,2,389.27,3,3,2,332,0,New Customers
15850.0,18,2,238.85,4,3,1,431,0,New Customers
15852.0,186,2,160.71,1,3,1,131,2,Lost Customers
15853.0,51,1,110.8,3,2,1,321,0,New Customers
15854.0,3,12,2974.65,5,5,5,555,3,champions
15855.0,136,5,712.24,2,4,3,243,4,At Risk
15856.0,3,27,16387.57,5,5,5,555,3,champions
15857.0,18,1,297.0,4,2,2,422,0,New Customers
15858.0,15,5,1438.85,4,4,4,444,1,Loyal Customers
15860.0,40,8,977.21,3,5,4,354,1,Loyal Customers
15861.0,11,8,3165.36,5,5,5,555,1,Loyal Customers
15862.0,7,4,832.88,5,4,3,543,1,Loyal Customers
15863.0,25,2,68.84,4,3,1,431,0,New Customers
15864.0,21,6,1936.3200000000002,4,5,4,454,1,Loyal Customers
15865.0,40,3,895.13,3,4,3,343,4,At Risk
15866.0,100,1,230.53,2,2,1,221,2,Lost Customers
15867.0,4,15,3812.64,5,5,5,555,3,champions
15869.0,276,2,149.64,1,3,1,131,2,Lost Customers
15870.0,32,1,354.09000000000003,4,2,2,422,0,New Customers
15872.0,14,2,360.93,4,3,2,432,0,New Customers
15874.0,63,7,4405.88,3,5,5,355,1,Loyal Customers
15877.0,1,2,493.28,5,3,3,533,0,New Customers
15880.0,368,1,343.28000000000003,1,2,2,122,2,Lost Customers
15881.0,311,5,501.39000000000004,1,4,3,143,4,At Risk
15882.0,198,4,516.36,1,4,3,143,4,At Risk
15883.0,1,2,396.48,5,3,2,532,0,New Customers
15885.0,92,3,379.35,2,4,2,242,4,At Risk
15886.0,59,1,181.09,3,2,1,321,2,Lost Customers
15888.0,80,1,168.31,2,2,1,221,2,Lost Customers
15889.0,156,2,446.87,2,3,2,232,2,Lost Customers
15891.0,226,1,524.52,1,2,3,123,2,Lost Customers
15894.0,252,2,263.55,1,3,2,132,2,Lost Customers
15895.0,149,1,179.17,2,2,1,221,2,Lost Customers
15897.0,193,2,222.05,1,3,1,131,2,Lost Customers
15898.0,0,5,1388.88,5,4,4,544,1,Loyal Customers
15899.0,368,1,56.25,1,2,1,121,2,Lost Customers
15900.0,23,1,351.11,4,2,2,422,0,New Customers
15901.0,16,3,363.88,4,4,2,442,0,New Customers
15903.0,9,7,5126.76,5,5,5,555,1,Loyal Customers
15904.0,7,1,164.68,5,2,1,521,0,New Customers
15906.0,19,7,1567.69,4,5,4,454,1,Loyal Customers
15907.0,3,3,967.45,5,4,4,544,1,Loyal Customers
15909.0,173,1,191.94,2,2,1,221,2,Lost Customers
15910.0,0,8,1232.18,5,5,4,554,1,Loyal Customers
15912.0,177,2,264.62,2,3,2,232,2,Lost Customers
15916.0,15,8,1528.09,4,5,4,454,1,Loyal Customers
15917.0,247,1,123.1,1,2,1,121,2,Lost Customers
15918.0,190,2,334.23,1,3,2,132,2,Lost Customers
15919.0,19,2,639.89,4,3,3,433,0,New Customers
15920.0,153,4,167.5,2,4,1,241,2,Lost Customers
15921.0,172,1,336.03000000000003,2,2,2,222,2,Lost Customers
15922.0,372,1,369.5,1,2,2,122,2,Lost Customers
15923.0,372,1,127.08,1,2,1,121,2,Lost Customers
15925.0,193,1,207.15,1,2,1,121,2,Lost Customers
15930.0,66,1,426.63,3,2,2,322,0,New Customers
15932.0,3,8,2495.87,5,5,5,555,1,Loyal Customers
15933.0,20,3,1107.46,4,4,4,444,1,Loyal Customers
15935.0,238,2,416.86,1,3,2,132,2,Lost Customers
15937.0,63,1,145.35,3,2,1,321,2,Lost Customers
15938.0,111,5,404.58,2,4,2,242,4,At Risk
15939.0,89,15,6115.01,2,5,5,255,3,champions
15940.0,310,1,35.8,1,2,1,121,2,Lost Customers
15942.0,133,1,337.44,2,2,2,222,2,Lost Customers
15944.0,276,1,325.1,1,2,2,122,2,Lost Customers
15945.0,364,1,181.0,1,2,1,121,2,Lost Customers
15947.0,82,1,1708.24,2,2,4,224,4,At Risk
15948.0,7,2,955.24,5,3,4,534,0,New Customers
15949.0,16,2,364.72,4,3,2,432,0,New Customers
15950.0,31,4,1765.51,4,4,4,444,1,Loyal Customers
15951.0,8,2,708.22,5,3,3,533,0,New Customers
15952.0,33,4,806.57,3,4,3,343,4,At Risk
15953.0,14,8,1659.3799999999999,4,5,4,454,1,Loyal Customers
15955.0,23,14,4416.26,4,5,5,455,3,champions
15957.0,31,1,428.89,4,2,2,422,0,New Customers
15958.0,73,1,104.35,2,2,1,221,2,Lost Customers
15963.0,19,2,470.76,4,3,2,432,0,New Customers
15965.0,16,4,845.64,4,4,3,443,1,Loyal Customers
15967.0,22,2,418.83,4,3,2,432,0,New Customers
15969.0,2,3,666.1,5,4,3,543,1,Loyal Customers
15970.0,303,1,314.1,1,2,2,122,2,Lost Customers
15971.0,17,12,4199.85,4,5,5,455,3,champions
15973.0,366,1,307.82000000000005,1,2,2,122,2,Lost Customers
15974.0,38,7,3442.15,3,5,5,355,1,Loyal Customers
15975.0,83,1,371.01,2,2,2,222,2,Lost Customers
15976.0,164,2,430.94,2,3,2,232,2,Lost Customers
15977.0,16,2,1054.73,4,3,4,434,0,New Customers
15978.0,76,1,1098.78,2,2,4,224,4,At Risk
15980.0,88,3,2398.86,2,4,5,245,4,At Risk
15981.0,24,8,3408.48,4,5,5,455,1,Loyal Customers
15983.0,21,4,1475.02,4,4,4,444,1,Loyal Customers
15984.0,2,10,2837.67,5,5,5,555,3,champions
15985.0,122,2,1142.42,2,3,4,234,4,At Risk
15986.0,29,1,168.12,4,2,1,421,0,New Customers
15987.0,11,7,1451.28,5,5,4,554,1,Loyal Customers
15988.0,18,1,158.03,4,2,1,421,0,New Customers
15990.0,43,2,792.11,3,3,3,333,4,At Risk
15992.0,3,1,41.989999999999995,5,2,1,521,0,New Customers
15993.0,8,7,2797.57,5,5,5,555,1,Loyal Customers
15994.0,54,1,427.07,3,2,2,322,0,New Customers
15996.0,87,6,1060.68,2,5,4,254,4,At Risk
15998.0,36,5,3089.97,3,4,5,345,1,Loyal Customers
16000.0,2,3,12393.7,5,4,5,545,1,Loyal Customers
16003.0,29,5,2735.37,4,4,5,445,1,Loyal Customers
16005.0,11,4,615.39,5,4,3,543,1,Loyal Customers
16006.0,210,1,101.4,1,2,1,121,2,Lost Customers
16007.0,47,4,1701.94,3,4,4,344,4,At Risk
16008.0,23,3,478.78,4,4,2,442,0,New Customers
16009.0,21,4,992.71,4,4,4,444,1,Loyal Customers
16010.0,245,3,407.5,1,4,2,142,2,Lost Customers
16011.0,7,16,3362.71,5,5,5,555,3,champions
16012.0,34,3,1415.29,3,4,4,344,4,At Risk
16013.0,3,47,37130.6,5,5,5,555,3,champions
16014.0,37,3,662.38,3,4,3,343,4,At Risk
16015.0,3,3,705.39,5,4,3,543,1,Loyal Customers
16016.0,2,8,1508.76,5,5,4,554,1,Loyal Customers
16017.0,46,1,211.88,3,2,1,321,0,New Customers
16018.0,38,2,408.90000000000003,3,3,2,332,0,New Customers
16019.0,46,9,3786.2400000000002,3,5,5,355,1,Loyal Customers
16020.0,16,3,851.01,4,4,3,443,1,Loyal Customers
16022.0,259,1,628.28,1,2,3,123,2,Lost Customers
16023.0,45,3,719.81,3,4,3,343,4,At Risk
16024.0,11,1,251.24,5,2,2,522,0,New Customers
16025.0,29,1,439.65999999999997,4,2,2,422,0,New Customers
16026.0,42,1,236.09,3,2,1,321,0,New Customers
16027.0,91,6,934.62,2,5,3,253,4,At Risk
16029.0,38,63,81024.84,3,5,5,355,3,champions
16030.0,309,1,331.24,1,2,2,122,2,Lost Customers
16031.0,91,2,548.94,2,3,3,233,4,At Risk
16033.0,5,20,8816.4,5,5,5,555,3,champions
16034.0,195,3,437.7,1,4,2,142,4,At Risk
16036.0,86,2,758.92,2,3,3,233,4,At Risk
16037.0,269,3,855.02,1,4,3,143,4,At Risk
16038.0,7,3,471.78000000000003,5,4,2,542,0,New Customers
16040.0,64,3,1313.55,3,4,4,344,4,At Risk
16041.0,30,3,3166.4,4,4,5,445,1,Loyal Customers
16042.0,21,5,1197.27,4,4,4,444,1,Loyal Customers
16043.0,37,4,773.99,3,4,3,343,4,At Risk
16045.0,119,4,1340.7,2,4,4,244,4,At Risk
16048.0,372,2,256.44,1,3,2,132,2,Lost Customers
16049.0,39,3,1111.79,3,4,4,344,4,At Risk
16050.0,173,1,137.9,2,2,1,221,2,Lost Customers
16052.0,53,1,362.06,3,2,2,322,0,New Customers
16053.0,32,2,1511.95,4,3,4,434,4,At Risk
16054.0,144,1,783.9,2,2,3,223,2,Lost Customers
16055.0,220,1,134.8,1,2,1,121,2,Lost Customers
16056.0,44,1,664.85,3,2,3,323,0,New Customers
16057.0,15,7,2263.12,4,5,5,455,1,Loyal Customers
16059.0,65,6,1459.8600000000001,3,5,4,354,4,At Risk
16062.0,9,4,1153.62,5,4,4,544,1,Loyal Customers
16063.0,259,1,335.32,1,2,2,122,2,Lost Customers
16065.0,364,1,372.09,1,2,2,122,2,Lost Customers
16066.0,16,5,1521.87,4,4,4,444,1,Loyal Customers
16070.0,21,2,852.15,4,3,3,433,0,New Customers
16071.0,44,1,326.24,3,2,2,322,0,New Customers
16072.0,287,1,584.3199999999999,1,2,3,123,2,Lost Customers
16073.0,296,1,122.39999999999999,1,2,1,121,2,Lost Customers
16076.0,2,10,2234.73,5,5,5,555,1,Loyal Customers
16078.0,283,1,79.2,1,2,1,121,2,Lost Customers
16079.0,16,3,1352.0,4,4,4,444,1,Loyal Customers
16080.0,81,2,217.16,2,3,1,231,2,Lost Customers
16081.0,55,5,2806.9,3,4,5,345,4,At Risk
16083.0,100,2,1317.62,2,3,4,234,4,At Risk
16084.0,298,1,436.18,1,2,2,122,2,Lost Customers
16085.0,22,5,981.51,4,4,4,444,1,Loyal Customers
16086.0,58,5,1121.39,3,4,4,344,4,At Risk
16091.0,154,2,315.06,2,3,2,232,2,Lost Customers
16092.0,114,3,817.86,2,4,3,243,4,At Risk
16093.0,106,1,17.0,2,2,1,221,2,Lost Customers
16094.0,11,4,1078.23,5,4,4,544,1,Loyal Customers
16096.0,263,1,320.62,1,2,2,122,2,Lost Customers
16097.0,239,1,185.04999999999998,1,2,1,121,2,Lost Customers
16098.0,87,7,2005.63,2,5,4,254,4,At Risk
16099.0,49,3,731.9,3,4,3,343,4,At Risk
16101.0,70,1,1290.7,3,2,4,324,4,At Risk
16102.0,41,3,1842.14,3,4,4,344,4,At Risk
16103.0,6,6,1429.64,5,5,4,554,1,Loyal Customers
16104.0,61,1,302.36,3,2,2,322,0,New Customers
16105.0,248,1,336.96,1,2,2,122,2,Lost Customers
16106.0,65,1,108.38,3,2,1,321,2,Lost Customers
16107.0,17,7,3204.1600000000003,4,5,5,455,1,Loyal Customers
16108.0,84,1,842.5,2,2,3,223,4,At Risk
16109.0,218,2,611.88,1,3,3,133,4,At Risk
16110.0,44,3,1337.48,3,4,4,344,4,At Risk
16112.0,142,4,195.73999999999998,2,4,1,241,2,Lost Customers
16113.0,182,1,161.38,1,2,1,121,2,Lost Customers
16114.0,170,1,135.75000000000003,2,2,1,221,2,Lost Customers
16115.0,9,8,1667.97,5,5,4,554,1,Loyal Customers
16116.0,211,1,612.78,1,2,3,123,2,Lost Customers
16117.0,189,1,232.21,1,2,1,121,2,Lost Customers
16119.0,7,2,423.36,5,3,2,532,0,New Customers
16120.0,58,4,1309.14,3,4,4,344,4,At Risk
16121.0,56,2,867.11,3,3,3,333,4,At Risk
16122.0,72,4,684.4200000000001,2,4,3,243,4,At Risk
16123.0,51,1,307.78,3,2,2,322,0,New Customers
16124.0,316,1,249.0,1,2,1,121,2,Lost Customers
16125.0,366,1,289.35,1,2,2,122,2,Lost Customers
16126.0,28,4,6287.77,4,4,5,445,1,Loyal Customers
16127.0,38,1,656.25,3,2,3,323,0,New Customers
16128.0,17,5,1880.22,4,4,4,444,1,Loyal Customers
16131.0,51,6,3506.54,3,5,5,355,1,Loyal Customers
16133.0,3,33,14589.04,5,5,5,555,3,champions
16134.0,21,2,618.09,4,3,3,433,0,New Customers
16135.0,262,1,517.55,1,2,3,123,2,Lost Customers
16136.0,59,3,709.38,3,4,3,343,4,At Risk
16139.0,18,3,635.41,4,4,3,443,0,New Customers
16140.0,65,2,725.18,3,3,3,333,4,At Risk
16141.0,87,1,620.4,2,2,3,223,2,Lost Customers
16142.0,249,1,535.34,1,2,3,123,2,Lost Customers
16143.0,2,6,2424.94,5,5,5,555,1,Loyal Customers
16144.0,246,1,175.2,1,2,1,121,2,Lost Customers
16145.0,8,11,3799.4900000000002,5,5,5,555,3,champions
16146.0,156,3,734.13,2,4,3,243,4,At Risk
16147.0,133,1,375.0,2,2,2,222,2,Lost Customers
16148.0,295,1,76.32000000000001,1,2,1,121,2,Lost Customers
16149.0,4,2,280.52,5,3,2,532,0,New Customers
16150.0,42,5,2053.02,3,4,4,344,1,Loyal Customers
16152.0,268,1,1829.04,1,2,4,124,4,At Risk
16153.0,49,5,1824.23,3,4,4,344,4,At Risk
16156.0,8,9,3122.04,5,5,5,555,1,Loyal Customers
16157.0,15,3,656.69,4,4,3,443,0,New Customers
16159.0,281,1,348.2,1,2,2,122,2,Lost Customers
16160.0,64,2,1025.44,3,3,4,334,4,At Risk
16161.0,1,19,5575.56,5,5,5,555,3,champions
16162.0,251,1,37.4,1,2,1,121,2,Lost Customers
16163.0,231,2,856.6,1,3,3,133,4,At Risk
16164.0,16,3,822.48,4,4,3,443,1,Loyal Customers
16168.0,10,27,3787.6,5,5,5,555,3,champions
16169.0,7,4,1822.97,5,4,4,544,1,Loyal Customers
16170.0,50,6,1885.05,3,5,4,354,1,Loyal Customers
16171.0,58,1,73.2,3,2,1,321,2,Lost Customers
16172.0,94,5,1140.21,2,4,4,244,4,At Risk
16173.0,15,6,1418.32,4,5,4,454,1,Loyal Customers
16174.0,125,3,1009.5500000000001,2,4,4,244,4,At Risk
16175.0,93,4,1037.59,2,4,4,244,4,At Risk
16177.0,49,1,331.95,3,2,2,322,0,New Customers
16178.0,137,1,197.9,2,2,1,221,2,Lost Customers
16179.0,60,1,215.83,3,2,1,321,2,Lost Customers
16180.0,99,8,10254.18,2,5,5,255,1,Loyal Customers
16181.0,72,1,305.54,2,2,2,222,2,Lost Customers
16182.0,71,4,6617.65,3,4,5,345,4,At Risk
16183.0,66,1,338.71000000000004,3,2,2,322,2,Lost Customers
16184.0,63,6,1158.79,3,5,4,354,4,At Risk
16185.0,16,2,529.41,4,3,3,433,0,New Customers
16186.0,22,12,4006.94,4,5,5,455,3,champions
16187.0,31,15,6911.4400000000005,4,5,5,455,3,champions
16188.0,44,4,981.86,3,4,4,344,4,At Risk
16189.0,15,2,215.48,4,3,1,431,0,New Customers
16190.0,39,1,215.08,3,2,1,321,0,New Customers
16191.0,2,13,5180.52,5,5,5,555,3,champions
16193.0,236,1,314.45,1,2,2,122,2,Lost Customers
16198.0,74,1,400.68100000000004,2,2,2,222,2,Lost Customers
16200.0,3,2,1080.6200000000001,5,3,4,534,1,Loyal Customers
16201.0,2,4,1863.47,5,4,4,544,1,Loyal Customers
16202.0,360,1,365.27,1,2,2,122,2,Lost Customers
16203.0,58,4,592.9,3,4,3,343,4,At Risk
16204.0,22,1,405.71,4,2,2,422,0,New Customers
16205.0,30,4,761.38,4,4,3,443,4,At Risk
16206.0,54,4,537.0600000000001,3,4,3,343,4,At Risk
16207.0,24,1,394.38,4,2,2,422,0,New Customers
16208.0,44,2,664.26,3,3,3,333,4,At Risk
16209.0,88,5,2262.62,2,4,5,245,4,At Risk
16210.0,1,18,21086.3,5,5,5,555,3,champions
16211.0,88,1,547.02,2,2,3,223,2,Lost Customers
16212.0,18,2,690.34,4,3,3,433,0,New Customers
16213.0,78,1,159.0,2,2,1,221,2,Lost Customers
16214.0,170,3,1062.75,2,4,4,244,4,At Risk
16215.0,80,1,242.35,2,2,1,221,2,Lost Customers
16216.0,266,1,914.9300000000001,1,2,3,123,2,Lost Customers
16217.0,234,2,304.25,1,3,2,132,2,Lost Customers
16218.0,29,7,3084.68,4,5,5,455,1,Loyal Customers
16221.0,36,3,864.86,3,4,3,343,4,At Risk
16222.0,317,1,846.72,1,2,3,123,2,Lost Customers
16224.0,56,4,1295.3,3,4,4,344,4,At Risk
16225.0,44,5,1096.32,3,4,4,344,4,At Risk
16226.0,202,3,255.12,1,4,2,142,2,Lost Customers
16227.0,224,1,314.22,1,2,2,122,2,Lost Customers
16229.0,86,2,1010.6,2,3,4,234,4,At Risk
16230.0,189,2,542.03,1,3,3,133,2,Lost Customers
16232.0,43,4,990.88,3,4,4,344,4,At Risk
16233.0,70,3,536.6800000000001,3,4,3,343,4,At Risk
16235.0,40,5,867.31,3,4,3,343,4,At Risk
16236.0,77,1,432.2,2,2,2,222,2,Lost Customers
16239.0,56,2,414.2,3,3,2,332,0,New Customers
16240.0,23,2,3718.8,4,3,5,435,1,Loyal Customers
16241.0,9,13,2607.87,5,5,5,555,3,champions
16242.0,7,7,3603.21,5,5,5,555,1,Loyal Customers
16243.0,33,2,409.1,3,3,2,332,0,New Customers
16244.0,211,2,1522.75,1,3,4,134,4,At Risk
16245.0,23,3,1413.66,4,4,4,444,1,Loyal Customers
16247.0,169,1,114.56,2,2,1,221,2,Lost Customers
16248.0,61,1,152.94,3,2,1,321,2,Lost Customers
16249.0,52,5,1800.07,3,4,4,344,4,At Risk
16250.0,260,2,389.44,1,3,2,132,2,Lost Customers
16253.0,66,2,3683.86,3,3,5,335,4,At Risk
16255.0,16,8,2619.91,4,5,5,455,1,Loyal Customers
16256.0,266,1,752.4300000000001,1,2,3,123,2,Lost Customers
16257.0,176,1,46.95,2,2,1,221,2,Lost Customers
16258.0,44,5,5203.51,3,4,5,345,1,Loyal Customers
16260.0,50,1,1035.45,3,2,4,324,4,At Risk
16261.0,16,4,746.83,4,4,3,443,1,Loyal Customers
16265.0,8,9,5447.0,5,5,5,555,3,champions
16266.0,73,7,861.89,2,5,3,253,4,At Risk
16268.0,70,2,667.65,3,3,3,333,4,At Risk
16270.0,352,1,1141.24,1,2,4,124,2,Lost Customers
16271.0,2,5,1429.24,5,4,4,544,1,Loyal Customers
16272.0,116,1,411.7,2,2,2,222,2,Lost Customers
16274.0,372,1,357.95,1,2,2,122,2,Lost Customers
16275.0,196,1,559.87,1,2,3,123,2,Lost Customers
16276.0,176,1,810.6000000000001,2,2,3,223,2,Lost Customers
16278.0,99,1,566.38,2,2,3,223,2,Lost Customers
16279.0,20,3,1509.58,4,4,4,444,1,Loyal Customers
16281.0,71,1,2062.06,3,2,5,325,4,At Risk
16282.0,339,1,168.3,1,2,1,121,2,Lost Customers
16283.0,5,5,1570.81,5,4,4,544,1,Loyal Customers
16284.0,30,2,823.97,4,3,3,433,0,New Customers
16287.0,169,1,142.5,2,2,1,221,2,Lost Customers
16292.0,121,1,302.25,2,2,2,222,2,Lost Customers
16293.0,21,10,2248.9900000000002,4,5,5,455,1,Loyal Customers
16295.0,9,4,1328.55,5,4,4,544,1,Loyal Customers
16297.0,268,1,301.9,1,2,2,122,2,Lost Customers
16298.0,22,3,598.2,4,4,3,443,0,New Customers
16302.0,126,1,233.22,2,2,1,221,2,Lost Customers
16303.0,25,3,5360.63,4,4,5,445,1,Loyal Customers
16305.0,138,1,361.21999999999997,2,2,2,222,2,Lost Customers
16306.0,213,6,632.27,1,5,3,153,4,At Risk
16308.0,37,4,2560.0,3,4,5,345,1,Loyal Customers
16309.0,105,2,706.57,2,3,3,233,4,At Risk
16311.0,17,2,616.26,4,3,3,433,0,New Customers
16313.0,2,2,274.15000000000003,5,3,2,532,0,New Customers
16315.0,330,1,226.37,1,2,1,121,2,Lost Customers
16316.0,63,8,2938.91,3,5,5,355,1,Loyal Customers
16317.0,119,3,1341.65,2,4,4,244,4,At Risk
16318.0,34,1,328.15,3,2,2,322,0,New Customers
16319.0,217,1,404.40000000000003,1,2,2,122,2,Lost Customers
16320.0,171,2,1038.46,2,3,4,234,4,At Risk
16321.0,71,5,373.65000000000003,3,4,2,342,4,At Risk
16322.0,0,2,326.75,5,3,2,532,0,New Customers
16323.0,195,1,207.50000000000003,1,2,1,121,2,Lost Customers
16324.0,127,3,428.68,2,4,2,242,4,At Risk
16325.0,46,3,594.24,3,4,3,343,4,At Risk
16326.0,5,14,3110.96,5,5,5,555,3,champions
16327.0,13,6,3844.22,4,5,5,455,1,Loyal Customers
16330.0,17,3,251.91,4,4,2,442,0,New Customers
16332.0,27,7,1593.2,4,5,4,454,1,Loyal Customers
16333.0,7,22,26626.8,5,5,5,555,3,champions
16337.0,36,1,151.05,3,2,1,321,0,New Customers
16338.0,156,1,214.79999999999998,2,2,1,221,2,Lost Customers
16339.0,283,1,109.95,1,2,1,121,2,Lost Customers
16340.0,106,1,549.07,2,2,3,223,2,Lost Customers
16341.0,24,4,1971.87,4,4,4,444,1,Loyal Customers
16342.0,74,4,322.41,2,4,2,242,4,At Risk
16343.0,15,2,370.47999999999996,4,3,2,432,0,New Customers
16344.0,157,1,101.10000000000001,2,2,1,221,2,Lost Customers
16345.0,43,1,575.41,3,2,3,323,0,New Customers
16347.0,10,2,887.65,5,3,3,533,0,New Customers
16348.0,31,7,1469.45,4,5,4,454,1,Loyal Customers
16349.0,290,1,53.5,1,2,1,121,2,Lost Customers
16350.0,20,4,1116.47,4,4,4,444,1,Loyal Customers
16351.0,332,1,153.9,1,2,1,121,2,Lost Customers
16352.0,17,2,494.44,4,3,3,433,0,New Customers
16353.0,3,23,6675.71,5,5,5,555,3,champions
16354.0,62,2,395.8,3,3,2,332,0,New Customers
16356.0,197,3,211.77,1,4,1,141,2,Lost Customers
16357.0,32,3,658.88,4,4,3,443,4,At Risk
16358.0,0,4,2027.5,5,4,4,544,1,Loyal Customers
16359.0,6,9,1750.92,5,5,4,554,1,Loyal Customers
16360.0,4,6,3512.53,5,5,5,555,1,Loyal Customers
16361.0,9,4,896.66,5,4,3,543,1,Loyal Customers
16362.0,31,5,734.77,4,4,3,443,1,Loyal Customers
16363.0,52,1,109.36000000000001,3,2,1,321,2,Lost Customers
16364.0,11,2,707.04,5,3,3,533,0,New Customers
16365.0,17,9,1540.42,4,5,4,454,1,Loyal Customers
16366.0,18,1,327.3,4,2,2,422,0,New Customers
16367.0,36,2,804.49,3,3,3,333,4,At Risk
16368.0,1,2,497.43,5,3,3,533,0,New Customers
16369.0,17,3,1553.66,4,4,4,444,1,Loyal Customers
16370.0,81,4,1320.56,2,4,4,244,4,At Risk
16372.0,32,2,367.93,4,3,2,432,0,New Customers
16374.0,65,2,473.03000000000003,3,3,2,332,4,At Risk
16376.0,8,2,987.01,5,3,4,534,0,New Customers
16377.0,266,1,676.2,1,2,3,123,2,Lost Customers
16378.0,246,3,362.95,1,4,2,142,2,Lost Customers
16379.0,3,4,2157.4,5,4,5,545,1,Loyal Customers
16380.0,60,1,1780.59,3,2,4,324,4,At Risk
16383.0,74,2,668.36,2,3,3,233,4,At Risk
16384.0,89,2,584.5,2,3,3,233,4,At Risk
16385.0,59,3,555.89,3,4,3,343,4,At Risk
16386.0,28,2,317.2,4,3,2,432,0,New Customers
16387.0,322,1,94.36,1,2,1,121,2,Lost Customers
16389.0,52,4,1382.07,3,4,4,344,4,At Risk
16392.0,269,1,221.19,1,2,1,121,2,Lost Customers
16393.0,1,13,3046.21,5,5,5,555,3,champions
16394.0,56,5,1555.34,3,4,4,344,4,At Risk
16395.0,60,5,1486.9,3,4,4,344,4,At Risk
16398.0,153,2,1705.8,2,3,4,234,4,At Risk
16399.0,18,2,408.57,4,3,2,432,0,New Customers
16400.0,94,1,303.93,2,2,2,222,2,Lost Customers
16401.0,0,12,4098.32,5,5,5,555,3,champions
16402.0,264,2,299.6,1,3,2,132,2,Lost Customers
16403.0,311,1,177.5,1,2,1,121,2,Lost Customers
16404.0,69,1,443.05,3,2,2,322,2,Lost Customers
16405.0,301,2,167.25,1,3,1,131,2,Lost Customers
16406.0,18,1,163.07,4,2,1,421,0,New Customers
16407.0,12,10,2126.93,5,5,5,555,1,Loyal Customers
16409.0,35,5,2028.88,3,4,4,344,1,Loyal Customers
16411.0,18,2,214.65,4,3,1,431,0,New Customers
16412.0,53,1,151.83,3,2,1,321,0,New Customers
16413.0,56,1,262.2,3,2,2,322,0,New Customers
16414.0,21,2,126.25,4,3,1,431,0,New Customers
16415.0,43,1,210.35,3,2,1,321,0,New Customers
16416.0,26,3,1051.4,4,4,4,444,4,At Risk
16418.0,44,3,675.27,3,4,3,343,4,At Risk
16419.0,112,6,972.23,2,5,4,254,4,At Risk
16422.0,16,51,34684.4,4,5,5,455,3,champions
16423.0,24,1,346.12,4,2,2,422,0,New Customers
16424.0,190,1,133.56,1,2,1,121,2,Lost Customers
16425.0,301,1,302.7,1,2,2,122,2,Lost Customers
16426.0,1,10,1908.25,5,5,4,554,1,Loyal Customers
16427.0,262,2,241.06,1,3,1,131,2,Lost Customers
16429.0,105,1,284.55,2,2,2,222,2,Lost Customers
16430.0,56,1,300.85,3,2,2,322,0,New Customers
16431.0,212,3,642.81,1,4,3,143,4,At Risk
16432.0,63,1,287.4,3,2,2,322,2,Lost Customers
16433.0,27,1,184.26,4,2,1,421,0,New Customers
16434.0,28,7,1522.25,4,5,4,454,1,Loyal Customers
16438.0,5,5,798.35,5,4,3,543,1,Loyal Customers
16440.0,7,5,3640.67,5,4,5,545,1,Loyal Customers
16441.0,66,2,381.2,3,3,2,332,0,New Customers
16442.0,1,3,616.79,5,4,3,543,1,Loyal Customers
16444.0,45,4,654.67,3,4,3,343,4,At Risk
16445.0,33,1,230.51,3,2,1,321,0,New Customers
16446.0,0,2,168472.5,5,3,5,535,3,champions
16447.0,135,1,259.01,2,2,2,222,2,Lost Customers
16448.0,197,1,188.89000000000001,1,2,1,121,2,Lost Customers
16449.0,197,2,707.69,1,3,3,133,4,At Risk
16450.0,149,1,311.92,2,2,2,222,2,Lost Customers
16451.0,87,1,266.97,2,2,2,222,2,Lost Customers
16454.0,44,2,6.9,3,3,1,331,2,Lost Customers
16455.0,63,7,1841.18,3,5,4,354,4,At Risk
16456.0,98,5,2158.37,2,4,5,245,4,At Risk
16457.0,217,1,208.36,1,2,1,121,2,Lost Customers
16458.0,2,18,3482.7400000000002,5,5,5,555,3,champions
16460.0,27,3,814.72,4,4,3,443,4,At Risk
16461.0,177,1,151.42,2,2,1,221,2,Lost Customers
16462.0,73,3,136.0,2,4,1,241,2,Lost Customers
16463.0,20,4,1422.4,4,4,4,444,1,Loyal Customers
16464.0,19,3,1314.68,4,4,4,444,1,Loyal Customers
16466.0,33,7,1603.46,3,5,4,354,1,Loyal Customers
16468.0,73,1,74.9,2,2,1,221,2,Lost Customers
16469.0,23,4,650.43,4,4,3,443,1,Loyal Customers
16470.0,51,4,762.39,3,4,3,343,4,At Risk
16471.0,274,1,223.95000000000002,1,2,1,121,2,Lost Customers
16473.0,164,3,316.11,2,4,2,242,2,Lost Customers
16474.0,6,7,1871.5,5,5,4,554,1,Loyal Customers
16475.0,87,4,544.3,2,4,3,243,4,At Risk
16477.0,63,7,2494.46,3,5,5,355,1,Loyal Customers
16478.0,24,3,331.0,4,4,2,442,0,New Customers
16479.0,9,2,300.83,5,3,2,532,0,New Customers
16480.0,75,1,769.29,2,2,3,223,4,At Risk
16482.0,15,1,220.62,4,2,1,421,0,New Customers
16483.0,191,1,139.35,1,2,1,121,2,Lost Customers
16484.0,173,2,404.3,2,3,2,232,2,Lost Customers
16485.0,76,1,363.65,2,2,2,222,2,Lost Customers
16488.0,32,3,498.8,4,4,3,443,0,New Customers
16491.0,46,1,731.5,3,2,3,323,0,New Customers
16493.0,79,4,1351.63,2,4,4,244,4,At Risk
16494.0,296,1,826.53,1,2,3,123,2,Lost Customers
16495.0,2,3,684.41,5,4,3,543,1,Loyal Customers
16496.0,8,3,1599.52,5,4,4,544,1,Loyal Customers
16497.0,49,6,2965.69,3,5,5,355,1,Loyal Customers
16498.0,160,2,100.97,2,3,1,231,2,Lost Customers
16499.0,359,2,365.45,1,3,2,132,2,Lost Customers
16500.0,4,6,400.86,5,5,2,552,1,Loyal Customers
16503.0,106,4,1431.93,2,4,4,244,4,At Risk
16504.0,24,1,484.38,4,2,2,422,0,New Customers
16505.0,31,1,777.6,4,2,3,423,0,New Customers
16506.0,19,2,90.30000000000001,4,3,1,431,0,New Customers
16509.0,296,1,363.7,1,2,2,122,2,Lost Customers
16510.0,371,1,248.1,1,2,1,121,2,Lost Customers
16511.0,21,3,950.26,4,4,4,444,1,Loyal Customers
16513.0,4,4,874.59,5,4,3,543,1,Loyal Customers
16515.0,51,5,1627.13,3,4,4,344,4,At Risk
16516.0,29,1,101.69999999999999,4,2,1,421,0,New Customers
16517.0,276,1,162.7,1,2,1,121,2,Lost Customers
16518.0,60,2,484.32,3,3,2,332,4,At Risk
16519.0,24,2,215.07999999999998,4,3,1,431,0,New Customers
16520.0,185,3,1046.57,1,4,4,144,4,At Risk
16523.0,1,21,9418.470000000001,5,5,5,555,3,champions
16525.0,1,26,13027.45,5,5,5,555,3,champions
16526.0,171,1,290.36,2,2,2,222,2,Lost Customers
16527.0,80,1,228.06,2,2,1,221,2,Lost Customers
16528.0,3,1,244.41,5,2,1,521,0,New Customers
16529.0,189,1,455.25,1,2,2,122,2,Lost Customers
16531.0,21,7,1244.59,4,5,4,454,1,Loyal Customers
16532.0,17,3,6748.8,4,4,5,445,1,Loyal Customers
16533.0,18,3,1095.56,4,4,4,444,1,Loyal Customers
16535.0,4,1,593.75,5,2,3,523,0,New Customers
16536.0,109,1,548.97,2,2,3,223,2,Lost Customers
16539.0,2,4,1388.81,5,4,4,544,1,Loyal Customers
16542.0,53,1,119.62,3,2,1,321,2,Lost Customers
16545.0,164,1,339.3,2,2,2,222,2,Lost Customers
16546.0,290,2,787.15,1,3,3,133,4,At Risk
16549.0,9,10,4154.64,5,5,5,555,3,champions
16550.0,108,5,2298.97,2,4,5,245,4,At Risk
16551.0,95,3,922.12,2,4,3,243,4,At Risk
16552.0,242,2,379.73,1,3,2,132,2,Lost Customers
16553.0,162,12,5719.82,2,5,5,255,4,At Risk
16554.0,41,3,837.1,3,4,3,343,4,At Risk
16555.0,34,2,285.89,3,3,2,332,0,New Customers
16556.0,66,7,3313.79,3,5,5,355,1,Loyal Customers
16557.0,23,2,281.85,4,3,2,432,0,New Customers
16558.0,0,20,8338.49,5,5,5,555,3,champions
16560.0,26,2,841.41,4,3,3,433,0,New Customers
16561.0,5,2,511.12,5,3,3,533,0,New Customers
16563.0,53,1,1077.74,3,2,4,324,4,At Risk
16565.0,363,1,173.7,1,2,1,121,2,Lost Customers
16566.0,14,5,614.66,4,4,3,443,1,Loyal Customers
16567.0,193,2,865.6,1,3,3,133,4,At Risk
16569.0,2,1,124.2,5,2,1,521,0,New Customers
16570.0,14,10,3738.4,4,5,5,455,1,Loyal Customers
16571.0,26,3,1421.69,4,4,4,444,4,At Risk
16572.0,126,3,1009.6,2,4,4,244,4,At Risk
16573.0,84,2,663.61,2,3,3,233,4,At Risk
16574.0,70,1,451.44,3,2,2,322,2,Lost Customers
16581.0,182,1,105.84,1,2,1,121,2,Lost Customers
16582.0,112,1,313.62,2,2,2,222,2,Lost Customers
16583.0,373,1,233.45,1,2,1,121,2,Lost Customers
16584.0,79,2,936.08,2,3,3,233,4,At Risk
16586.0,248,1,463.95,1,2,2,122,2,Lost Customers
16587.0,231,1,225.15,1,2,1,121,2,Lost Customers
16589.0,70,3,459.24,3,4,2,342,4,At Risk
16591.0,68,1,213.5,3,2,1,321,2,Lost Customers
16592.0,3,16,4113.68,5,5,5,555,3,champions
16593.0,50,3,330.03,3,4,2,342,0,New Customers
16594.0,74,1,181.09,2,2,1,221,2,Lost Customers
16595.0,60,1,360.16,3,2,2,322,0,New Customers
16596.0,15,2,250.15,4,3,1,431,0,New Customers
16597.0,3,1,90.04,5,2,1,521,0,New Customers
16598.0,285,1,145.04999999999998,1,2,1,121,2,Lost Customers
16600.0,3,6,813.52,5,5,3,553,1,Loyal Customers
16601.0,40,1,244.79999999999998,3,2,1,321,0,New Customers
16602.0,35,1,528.08,3,2,3,323,0,New Customers
16603.0,74,2,482.47,2,3,2,232,4,At Risk
16607.0,17,14,3347.71,4,5,5,455,3,champions
16609.0,14,7,5493.46,4,5,5,455,1,Loyal Customers
16610.0,218,1,75.66,1,2,1,121,2,Lost Customers
16611.0,185,1,129.49,1,2,1,121,2,Lost Customers
16612.0,32,4,1187.66,4,4,4,444,4,At Risk
16613.0,69,1,618.59,3,2,3,323,0,New Customers
16614.0,182,1,506.19,1,2,3,123,2,Lost Customers
16616.0,14,2,500.42,4,3,3,433,0,New Customers
16617.0,235,1,151.85,1,2,1,121,2,Lost Customers
16618.0,30,5,2647.59,4,4,5,445,1,Loyal Customers
16619.0,263,1,226.21,1,2,1,121,2,Lost Customers
16620.0,3,2,178.96,5,3,1,531,0,New Customers
16621.0,51,4,813.48,3,4,3,343,4,At Risk
16623.0,245,1,129.45,1,2,1,121,2,Lost Customers
16624.0,80,2,810.5699999999999,2,3,3,233,4,At Risk
16625.0,274,1,333.08,1,2,2,122,2,Lost Customers
16626.0,0,17,4413.1,5,5,5,555,3,champions
16627.0,78,1,322.8,2,2,2,222,2,Lost Customers
16628.0,29,5,2188.05,4,4,5,445,1,Loyal Customers
16629.0,73,2,417.73,2,3,2,232,4,At Risk
16633.0,16,6,2883.1,4,5,5,455,1,Loyal Customers
16634.0,222,2,217.9,1,3,1,131,2,Lost Customers
16637.0,31,4,1154.47,4,4,4,444,4,At Risk
16638.0,22,10,1680.72,4,5,4,454,1,Loyal Customers
16639.0,30,3,1257.51,4,4,4,444,4,At Risk
16641.0,105,1,231.10000000000002,2,2,1,221,2,Lost Customers
16642.0,4,2,688.33,5,3,3,533,0,New Customers
16643.0,245,1,487.51,1,2,2,122,2,Lost Customers
16644.0,177,2,833.78,2,3,3,233,4,At Risk
16647.0,169,2,214.06,2,3,1,231,2,Lost Customers
16648.0,42,1,290.65999999999997,3,2,2,322,0,New Customers
16650.0,71,1,518.42,3,2,3,323,2,Lost Customers
16652.0,58,7,6773.97,3,5,5,355,1,Loyal Customers
16653.0,15,2,1212.66,4,3,4,434,0,New Customers
16654.0,140,4,601.27,2,4,3,243,4,At Risk
16655.0,17,6,3794.52,4,5,5,455,1,Loyal Customers
16656.0,21,15,8625.8,4,5,5,455,3,champions
16657.0,9,4,933.62,5,4,3,543,1,Loyal Customers
16658.0,367,1,123.24,1,2,1,121,2,Lost Customers
16659.0,188,1,39.12,1,2,1,121,2,Lost Customers
16660.0,15,4,1267.6499999999999,4,4,4,444,1,Loyal Customers
16665.0,361,1,135.39999999999998,1,2,1,121,2,Lost Customers
16666.0,18,1,118.98,4,2,1,421,0,New Customers
16667.0,67,2,570.13,3,3,3,333,4,At Risk
16668.0,14,6,306.71999999999997,4,5,2,452,1,Loyal Customers
16669.0,23,3,1374.8700000000001,4,4,4,444,1,Loyal Customers
16670.0,16,11,4095.9,4,5,5,455,3,champions
16671.0,27,3,1692.27,4,4,4,444,1,Loyal Customers
16672.0,1,20,8134.9400000000005,5,5,5,555,3,champions
16674.0,54,2,319.61,3,3,2,332,0,New Customers
16676.0,33,4,1592.1200000000001,3,4,4,344,1,Loyal Customers
16678.0,2,12,3109.99,5,5,5,555,3,champions
16679.0,365,1,129.75,1,2,1,121,2,Lost Customers
16680.0,42,1,183.7,3,2,1,321,0,New Customers
16681.0,72,6,1770.34,2,5,4,254,4,At Risk
16682.0,4,5,1028.0,5,4,4,544,1,Loyal Customers
16684.0,3,28,66653.56,5,5,5,555,3,champions
16685.0,60,2,324.24,3,3,2,332,0,New Customers
16686.0,46,7,3062.83,3,5,5,355,1,Loyal Customers
16688.0,0,4,1260.86,5,4,4,544,1,Loyal Customers
16689.0,75,2,422.59999999999997,2,3,2,232,4,At Risk
16690.0,71,2,225.57999999999998,3,3,1,331,2,Lost Customers
16692.0,255,2,1276.0,1,3,4,134,4,At Risk
16693.0,68,2,482.01,3,3,2,332,4,At Risk
16696.0,134,4,657.9000000000001,2,4,3,243,4,At Risk
16697.0,240,1,112.75,1,2,1,121,2,Lost Customers
16698.0,226,2,1998.0,1,3,4,134,4,At Risk
16700.0,8,13,5076.55,5,5,5,555,3,champions
16701.0,8,13,5398.3,5,5,5,555,3,champions
16705.0,0,20,14034.99,5,5,5,555,3,champions
16706.0,36,3,531.35,3,4,3,343,4,At Risk
16708.0,45,1,656.63,3,2,3,323,0,New Customers
16709.0,84,5,3029.87,2,4,5,245,4,At Risk
16710.0,18,10,2483.04,4,5,5,455,1,Loyal Customers
16711.0,2,5,1651.03,5,4,4,544,1,Loyal Customers
16712.0,8,11,3645.43,5,5,5,555,3,champions
16713.0,18,15,6923.13,4,5,5,455,3,champions
16714.0,218,3,1161.53,1,4,4,144,4,At Risk
16715.0,77,1,301.71999999999997,2,2,2,222,2,Lost Customers
16716.0,266,2,901.2,1,3,3,133,4,At Risk
16717.0,23,6,3858.38,4,5,5,455,1,Loyal Customers
16718.0,368,1,623.75,1,2,3,123,2,Lost Customers
16719.0,14,7,1790.42,4,5,4,454,1,Loyal Customers
16720.0,25,1,155.24,4,2,1,421,0,New Customers
16721.0,261,1,292.47,1,2,2,122,2,Lost Customers
16722.0,16,13,4730.81,4,5,5,455,3,champions
16723.0,90,2,589.15,2,3,3,233,4,At Risk
16725.0,301,7,781.02,1,5,3,153,4,At Risk
16726.0,25,5,1382.02,4,4,4,444,1,Loyal Customers
16727.0,363,1,272.82,1,2,2,122,2,Lost Customers
16728.0,45,4,1054.67,3,4,4,344,4,At Risk
16729.0,37,21,7239.92,3,5,5,355,3,champions
16730.0,51,3,743.11,3,4,3,343,4,At Risk
16732.0,31,1,603.75,4,2,3,423,0,New Customers
16734.0,51,3,650.51,3,4,3,343,4,At Risk
16735.0,78,5,2300.56,2,4,5,245,4,At Risk
16737.0,52,1,417.59999999999997,3,2,2,322,0,New Customers
16738.0,297,1,3.75,1,2,1,121,2,Lost Customers
16739.0,176,1,323.0,2,2,2,222,2,Lost Customers
16742.0,46,1,464.9,3,2,2,322,0,New Customers
16743.0,28,7,2238.09,4,5,5,455,1,Loyal Customers
16744.0,10,7,1304.76,5,5,4,554,1,Loyal Customers
16745.0,86,17,7194.3,2,5,5,255,3,champions
16746.0,4,18,6697.66,5,5,5,555,3,champions
16747.0,37,2,836.06,3,3,3,333,4,At Risk
16748.0,17,5,1515.9,4,4,4,444,1,Loyal Customers
16750.0,44,5,623.93,3,4,3,343,4,At Risk
16751.0,30,1,1764.72,4,2,4,424,4,At Risk
16752.0,372,1,207.5,1,2,1,121,2,Lost Customers
16753.0,57,1,223.92000000000002,3,2,1,321,0,New Customers
16754.0,371,1,2002.4,1,2,4,124,4,At Risk
16755.0,113,3,1496.83,2,4,4,244,4,At Risk
16756.0,214,1,239.4,1,2,1,121,2,Lost Customers
16757.0,318,1,106.83000000000001,1,2,1,121,2,Lost Customers
16758.0,64,1,369.34000000000003,3,2,2,322,0,New Customers
16759.0,7,3,789.79,5,4,3,543,1,Loyal Customers
16761.0,96,1,316.62,2,2,2,222,2,Lost Customers
16762.0,19,3,1501.38,4,4,4,444,1,Loyal Customers
16763.0,198,1,611.85,1,2,3,123,2,Lost Customers
16764.0,3,13,2799.25,5,5,5,555,3,champions
16765.0,293,1,34.0,1,2,1,121,2,Lost Customers
16766.0,272,2,1145.6,1,3,4,134,4,At Risk
16767.0,30,11,5580.6,4,5,5,455,3,champions
16768.0,47,3,478.09000000000003,3,4,2,342,4,At Risk
16769.0,259,1,380.39,1,2,2,122,2,Lost Customers
16770.0,57,5,770.1,3,4,3,343,4,At Risk
16771.0,32,5,2246.81,4,4,5,445,1,Loyal Customers
16773.0,56,1,171.59,3,2,1,321,2,Lost Customers
16774.0,67,4,661.52,3,4,3,343,4,At Risk
16775.0,9,11,1695.66,5,5,4,554,1,Loyal Customers
16776.0,59,1,388.28,3,2,2,322,0,New Customers
16777.0,79,2,226.35,2,3,1,231,2,Lost Customers
16778.0,73,2,245.94,2,3,1,231,2,Lost Customers
16779.0,1,22,10629.720000000001,5,5,5,555,3,champions
16780.0,99,2,425.19,2,3,2,232,2,Lost Customers
16781.0,371,1,311.25,1,2,2,122,2,Lost Customers
16782.0,9,13,2279.9,5,5,5,555,3,champions
16784.0,19,1,107.6,4,2,1,421,0,New Customers
16788.0,122,2,597.48,2,3,3,233,4,At Risk
16789.0,7,1,80.8,5,2,1,521,0,New Customers
16790.0,3,6,1545.6200000000001,5,5,4,554,1,Loyal Customers
16791.0,28,7,1721.78,4,5,4,454,1,Loyal Customers
16792.0,281,2,110.38000000000001,1,3,1,131,2,Lost Customers
16793.0,56,1,243.84,3,2,1,321,0,New Customers
16794.0,0,10,1222.71,5,5,4,554,1,Loyal Customers
16795.0,364,1,414.88,1,2,2,122,2,Lost Customers
16796.0,88,1,305.62,2,2,2,222,2,Lost Customers
16800.0,10,1,1201.49,5,2,4,524,0,New Customers
16801.0,162,4,1619.73,2,4,4,244,4,At Risk
16803.0,64,1,332.3,3,2,2,322,2,Lost Customers
16804.0,22,3,536.99,4,4,3,443,0,New Customers
16805.0,173,2,460.59,2,3,2,232,2,Lost Customers
16806.0,102,4,801.49,2,4,3,243,4,At Risk
16807.0,142,3,1121.59,2,4,4,244,4,At Risk
16808.0,98,2,288.42,2,3,2,232,2,Lost Customers
16809.0,22,5,914.69,4,4,3,443,1,Loyal Customers
16810.0,191,1,309.54,1,2,2,122,2,Lost Customers
16811.0,4,2,547.07,5,3,3,533,0,New Customers
16812.0,360,1,479.35,1,2,2,122,2,Lost Customers
16813.0,7,10,1692.98,5,5,4,554,1,Loyal Customers
16814.0,13,21,6509.1,4,5,5,455,3,champions
16816.0,102,4,417.06,2,4,2,242,4,At Risk
16817.0,2,9,1604.75,5,5,4,554,1,Loyal Customers
16818.0,10,11,3349.57,5,5,5,555,3,champions
16820.0,95,1,497.61,2,2,3,223,2,Lost Customers
16823.0,226,1,358.38,1,2,2,122,2,Lost Customers
16824.0,15,2,460.64,4,3,2,432,0,New Customers
16825.0,38,2,775.1800000000001,3,3,3,333,4,At Risk
16826.0,50,1,341.7,3,2,2,322,0,New Customers
16828.0,92,2,128.5,2,3,1,231,2,Lost Customers
16829.0,156,1,197.22,2,2,1,221,2,Lost Customers
16830.0,38,1,325.91,3,2,2,322,0,New Customers
16832.0,183,3,199.15,1,4,1,141,2,Lost Customers
16833.0,0,4,1106.53,5,4,4,544,1,Loyal Customers
16834.0,227,1,413.46,1,2,2,122,2,Lost Customers
16835.0,127,2,180.85,2,3,1,231,2,Lost Customers
16836.0,39,2,251.87,3,3,2,332,0,New Customers
16837.0,30,11,3170.98,4,5,5,455,1,Loyal Customers
16838.0,196,2,588.85,1,3,3,133,4,At Risk
16839.0,8,34,16594.35,5,5,5,555,3,champions
16841.0,36,6,1869.82,3,5,4,354,1,Loyal Customers
16842.0,100,3,1264.19,2,4,4,244,4,At Risk
16843.0,42,16,10196.57,3,5,5,355,3,champions
16846.0,49,1,214.32,3,2,1,321,0,New Customers
16847.0,42,1,193.44,3,2,1,321,0,New Customers
16848.0,52,1,281.42,3,2,2,322,0,New Customers
16849.0,186,1,124.57,1,2,1,121,2,Lost Customers
16850.0,333,1,332.41,1,2,2,122,2,Lost Customers
16851.0,3,3,342.45,5,4,2,542,0,New Customers
16852.0,9,2,144.91000000000003,5,3,1,531,0,New Customers
16855.0,23,2,328.4,4,3,2,432,0,New Customers
16856.0,14,1,35.400000000000006,4,2,1,421,0,New Customers
16858.0,368,1,375.69000000000005,1,2,2,122,2,Lost Customers
16859.0,144,2,747.81,2,3,3,233,4,At Risk
16861.0,59,2,173.76,3,3,1,331,0,New Customers
16863.0,30,2,502.8,4,3,3,433,0,New Customers
16866.0,140,3,207.73999999999998,2,4,1,241,2,Lost Customers
16869.0,22,4,825.42,4,4,3,443,1,Loyal Customers
16871.0,21,6,2812.34,4,5,5,455,1,Loyal Customers
16872.0,76,3,680.02,2,4,3,243,4,At Risk
16873.0,4,6,7123.62,5,5,5,555,1,Loyal Customers
16875.0,66,5,2095.53,3,4,5,345,4,At Risk
16877.0,11,6,853.72,5,5,3,553,1,Loyal Customers
16878.0,83,1,13.3,2,2,1,221,2,Lost Customers
16880.0,30,7,1519.08,4,5,4,454,1,Loyal Customers
16881.0,66,1,432.0,3,2,2,322,0,New Customers
16882.0,66,3,705.12,3,4,3,343,4,At Risk
16883.0,186,2,276.73,1,3,2,132,2,Lost Customers
16884.0,37,2,429.84000000000003,3,3,2,332,0,New Customers
16885.0,14,3,471.51,4,4,2,442,0,New Customers
16887.0,34,1,194.88,3,2,1,321,0,New Customers
16889.0,194,3,1578.67,1,4,4,144,4,At Risk
16891.0,1,5,809.7,5,4,3,543,1,Loyal Customers
16892.0,0,5,525.54,5,4,3,543,1,Loyal Customers
16893.0,366,1,145.93,1,2,1,121,2,Lost Customers
16895.0,64,1,219.14,3,2,1,321,2,Lost Customers
16897.0,298,2,289.78,1,3,2,132,2,Lost Customers
16898.0,25,3,508.81,4,4,3,443,0,New Customers
16899.0,7,6,1281.56,5,5,4,554,1,Loyal Customers
16900.0,16,3,887.11,4,4,3,443,1,Loyal Customers
16902.0,115,1,1706.88,2,2,4,224,4,At Risk
16903.0,28,1,373.24,4,2,2,422,0,New Customers
16904.0,3,16,3754.27,5,5,5,555,3,champions
16905.0,4,7,3102.43,5,5,5,555,1,Loyal Customers
16906.0,81,4,579.77,2,4,3,243,4,At Risk
16907.0,28,5,981.65,4,4,4,444,1,Loyal Customers
16909.0,71,1,379.14,3,2,2,322,2,Lost Customers
16910.0,3,8,1510.06,5,5,4,554,1,Loyal Customers
16912.0,28,11,2575.38,4,5,5,455,1,Loyal Customers
16913.0,289,1,113.44,1,2,1,121,2,Lost Customers
16914.0,35,1,208.46,3,2,1,321,0,New Customers
16915.0,8,6,621.6800000000001,5,5,3,553,1,Loyal Customers
16916.0,23,2,576.26,4,3,3,433,0,New Customers
16917.0,276,1,391.52,1,2,2,122,2,Lost Customers
16918.0,49,6,1068.82,3,5,4,354,4,At Risk
16919.0,155,11,2596.45,2,5,5,255,4,At Risk
16921.0,60,1,169.79,3,2,1,321,2,Lost Customers
16923.0,11,19,7247.61,5,5,5,555,3,champions
16924.0,20,3,846.75,4,4,3,443,1,Loyal Customers
16926.0,370,1,230.25,1,2,1,121,2,Lost Customers
16927.0,115,3,543.05,2,4,3,243,4,At Risk
16928.0,79,17,2847.6,2,5,5,255,3,champions
16929.0,3,7,1295.39,5,5,4,554,1,Loyal Customers
16930.0,25,3,380.55,4,4,2,442,0,New Customers
16931.0,4,21,4604.22,5,5,5,555,3,champions
16932.0,52,1,161.94,3,2,1,321,0,New Customers
16933.0,0,2,563.23,5,3,3,533,0,New Customers
16934.0,54,2,950.9300000000001,3,3,4,334,4,At Risk
16936.0,25,1,262.68,4,2,2,422,0,New Customers
16938.0,8,4,2736.38,5,4,5,545,1,Loyal Customers
16940.0,51,3,3049.88,3,4,5,345,4,At Risk
16942.0,12,9,1920.59,5,5,4,554,1,Loyal Customers
16943.0,211,3,816.73,1,4,3,143,4,At Risk
16945.0,21,19,4345.5,4,5,5,455,3,champions
16947.0,235,1,406.48,1,2,2,122,2,Lost Customers
16948.0,138,3,435.02,2,4,2,242,4,At Risk
16949.0,3,6,1286.27,5,5,4,554,1,Loyal Customers
16950.0,56,3,1178.56,3,4,4,344,4,At Risk
16951.0,134,3,1277.75,2,4,4,244,4,At Risk
16952.0,108,2,167.61,2,3,1,231,2,Lost Customers
16953.0,29,1,20.8,4,2,1,421,0,New Customers
16954.0,0,9,2085.08,5,5,5,555,1,Loyal Customers
16955.0,184,4,518.67,1,4,3,143,4,At Risk
16956.0,17,1,308.74,4,2,2,422,0,New Customers
16957.0,238,2,416.64,1,3,2,132,2,Lost Customers
16959.0,86,1,117.35000000000001,2,2,1,221,2,Lost Customers
16960.0,38,3,507.05,3,4,3,343,4,At Risk
16961.0,115,1,234.17,2,2,1,221,2,Lost Customers
16963.0,186,1,110.55000000000001,1,2,1,121,2,Lost Customers
16965.0,226,1,201.19,1,2,1,121,2,Lost Customers
16966.0,7,7,2154.97,5,5,5,555,1,Loyal Customers
16967.0,188,1,319.02,1,2,2,122,2,Lost Customers
16968.0,3,2,439.43,5,3,2,532,0,New Customers
16969.0,38,3,650.41,3,4,3,343,4,At Risk
16971.0,37,1,357.21,3,2,2,322,0,New Customers
16976.0,266,1,251.51999999999998,1,2,2,122,2,Lost Customers
16978.0,77,1,344.33,2,2,2,222,2,Lost Customers
16979.0,3,6,1852.0,5,5,4,554,1,Loyal Customers
16980.0,254,2,1078.96,1,3,4,134,4,At Risk
16982.0,60,1,384.06,3,2,2,322,0,New Customers
16983.0,12,7,1931.25,5,5,4,554,1,Loyal Customers
16984.0,87,2,4481.35,2,3,5,235,4,At Risk
16985.0,16,10,5464.12,4,5,5,455,3,champions
16986.0,29,2,1873.2,4,3,4,434,4,At Risk
16987.0,2,7,1625.05,5,5,4,554,1,Loyal Customers
16988.0,4,1,126.12,5,2,1,521,0,New Customers
16989.0,6,6,1133.25,5,5,4,554,1,Loyal Customers
16990.0,218,1,179.0,1,2,1,121,2,Lost Customers
16992.0,10,5,1614.31,5,4,4,544,1,Loyal Customers
16996.0,29,6,1456.96,4,5,4,454,1,Loyal Customers
16997.0,287,3,702.0,1,4,3,143,4,At Risk
16998.0,149,4,295.0,2,4,2,242,4,At Risk
16999.0,22,2,484.82,4,3,2,432,0,New Customers
17001.0,0,11,3989.57,5,5,5,555,3,champions
17002.0,85,3,1493.73,2,4,4,244,4,At Risk
17004.0,45,2,1412.94,3,3,4,334,4,At Risk
17006.0,4,4,781.78,5,4,3,543,1,Loyal Customers
17007.0,50,6,889.9300000000001,3,5,3,353,4,At Risk
17010.0,17,1,195.36,4,2,1,421,0,New Customers
17011.0,29,1,270.9,4,2,2,422,0,New Customers
17014.0,7,3,586.33,5,4,3,543,0,New Customers
17015.0,28,3,1842.56,4,4,4,444,1,Loyal Customers
17017.0,2,20,8694.26,5,5,5,555,3,champions
17018.0,40,2,920.1,3,3,3,333,4,At Risk
17019.0,10,4,1272.61,5,4,4,544,1,Loyal Customers
17022.0,30,1,71.0,4,2,1,421,0,New Customers
17024.0,44,3,95.85,3,4,1,341,0,New Customers
17025.0,60,3,357.77,3,4,2,342,4,At Risk
17026.0,184,2,154.82999999999998,1,3,1,131,2,Lost Customers
17027.0,78,6,890.29,2,5,3,253,4,At Risk
17029.0,110,2,716.0,2,3,3,233,4,At Risk
17030.0,63,1,146.87,3,2,1,321,2,Lost Customers
17031.0,11,2,380.35,5,3,2,532,0,New Customers
17033.0,85,3,1030.14,2,4,4,244,4,At Risk
17034.0,15,3,745.52,4,4,3,443,0,New Customers
17035.0,245,2,433.53000000000003,1,3,2,132,2,Lost Customers
17037.0,87,1,1267.32,2,2,4,224,4,At Risk
17038.0,29,1,112.4,4,2,1,421,0,New Customers
17040.0,137,1,449.73,2,2,2,222,2,Lost Customers
17041.0,26,3,1081.57,4,4,4,444,4,At Risk
17042.0,2,5,1044.3799999999999,5,4,4,544,1,Loyal Customers
17043.0,31,4,1735.18,4,4,4,444,1,Loyal Customers
17044.0,24,1,948.48,4,2,4,424,0,New Customers
17045.0,112,3,339.44,2,4,2,242,4,At Risk
17046.0,156,1,642.02,2,2,3,223,2,Lost Customers
17047.0,84,3,1100.9,2,4,4,244,4,At Risk
17048.0,117,3,925.35,2,4,3,243,4,At Risk
17049.0,2,9,5659.9800000000005,5,5,5,555,3,champions
17050.0,95,6,3228.84,2,5,5,255,4,At Risk
17051.0,193,1,247.14000000000001,1,2,1,121,2,Lost Customers
17052.0,27,1,413.75,4,2,2,422,0,New Customers
17053.0,130,1,498.48,2,2,3,223,2,Lost Customers
17054.0,27,5,1356.33,4,4,4,444,1,Loyal Customers
17058.0,81,3,1179.89,2,4,4,244,4,At Risk
17059.0,29,5,3095.04,4,4,5,445,1,Loyal Customers
17060.0,265,1,234.24,1,2,1,121,2,Lost Customers
17061.0,73,11,5232.2300000000005,2,5,5,255,1,Loyal Customers
17062.0,313,4,538.37,1,4,3,143,4,At Risk
17063.0,20,7,1461.14,4,5,4,454,1,Loyal Customers
17064.0,58,3,859.35,3,4,3,343,4,At Risk
17068.0,11,21,4552.14,5,5,5,555,3,champions
17069.0,27,9,2709.7000000000003,4,5,5,455,1,Loyal Customers
17070.0,113,1,312.14,2,2,2,222,2,Lost Customers
17071.0,27,9,2429.03,4,5,5,455,1,Loyal Customers
17073.0,17,4,1446.09,4,4,4,444,1,Loyal Customers
17075.0,17,4,834.12,4,4,3,443,1,Loyal Customers
17076.0,35,3,841.0799999999999,3,4,3,343,4,At Risk
17078.0,35,2,378.2,3,3,2,332,0,New Customers
17079.0,77,1,118.80000000000001,2,2,1,221,2,Lost Customers
17080.0,21,2,287.62,4,3,2,432,0,New Customers
17081.0,24,2,290.16,4,3,2,432,0,New Customers
17082.0,32,2,2003.85,4,3,4,434,4,At Risk
17083.0,108,3,1405.78,2,4,4,244,4,At Risk
17084.0,34,2,2949.75,3,3,5,335,4,At Risk
17085.0,122,5,1566.65,2,4,4,244,4,At Risk
17086.0,6,6,2050.08,5,5,4,554,1,Loyal Customers
17088.0,27,4,1991.01,4,4,4,444,1,Loyal Customers
17090.0,3,7,2043.95,5,5,4,554,1,Loyal Customers
17091.0,2,9,3827.76,5,5,5,555,3,champions
17092.0,49,4,1777.78,3,4,4,344,4,At Risk
17094.0,321,1,302.0,1,2,2,122,2,Lost Customers
17095.0,22,3,1324.16,4,4,4,444,1,Loyal Customers
17096.0,14,4,1022.13,4,4,4,444,1,Loyal Customers
17097.0,1,8,954.42,5,5,4,554,1,Loyal Customers
17100.0,17,2,971.74,4,3,4,434,0,New Customers
17101.0,9,4,1621.73,5,4,4,544,1,Loyal Customers
17102.0,261,1,25.5,1,2,1,121,2,Lost Customers
17105.0,158,2,665.78,2,3,3,233,4,At Risk
17107.0,32,6,10815.43,4,5,5,455,1,Loyal Customers
17109.0,28,6,885.04,4,5,3,453,1,Loyal Customers
17110.0,164,1,163.29999999999998,2,2,1,221,2,Lost Customers
17111.0,46,1,248.61,3,2,1,321,0,New Customers
17114.0,5,8,808.62,5,5,3,553,1,Loyal Customers
17115.0,7,3,837.5,5,4,3,543,1,Loyal Customers
17117.0,287,1,116.19999999999999,1,2,1,121,2,Lost Customers
17118.0,317,1,157.02,1,2,1,121,2,Lost Customers
17119.0,2,2,606.91,5,3,3,533,0,New Customers
17120.0,232,1,307.46,1,2,2,122,2,Lost Customers
17122.0,118,1,138.32,2,2,1,221,2,Lost Customers
17123.0,161,1,345.29999999999995,2,2,2,222,2,Lost Customers
17124.0,184,1,298.89,1,2,2,122,2,Lost Customers
17125.0,49,1,259.35,3,2,2,322,0,New Customers
17126.0,151,5,1004.75,2,4,4,244,4,At Risk
17128.0,334,1,157.09,1,2,1,121,2,Lost Customers
17131.0,4,5,2463.17,5,4,5,545,1,Loyal Customers
17133.0,15,7,4892.240000000001,4,5,5,455,1,Loyal Customers
17134.0,106,2,425.0,2,3,2,232,2,Lost Customers
17135.0,15,7,1139.73,4,5,4,454,1,Loyal Customers
17138.0,275,1,380.5,1,2,2,122,2,Lost Customers
17139.0,15,12,10668.47,4,5,5,455,3,champions
17140.0,246,1,465.32,1,2,2,122,2,Lost Customers
17142.0,238,1,579.0,1,2,3,123,2,Lost Customers
17144.0,0,2,984.57,5,3,4,534,1,Loyal Customers
17146.0,105,3,749.78,2,4,3,243,4,At Risk
17147.0,22,4,1714.59,4,4,4,444,1,Loyal Customers
17148.0,51,1,124.88,3,2,1,321,0,New Customers
17152.0,194,3,1689.5,1,4,4,144,4,At Risk
17153.0,23,1,213.78,4,2,1,421,0,New Customers
17154.0,74,1,329.34,2,2,2,222,2,Lost Customers
17155.0,17,2,251.70000000000002,4,3,2,432,0,New Customers
17157.0,7,2,319.0,5,3,2,532,0,New Customers
17158.0,31,3,1266.97,4,4,4,444,4,At Risk
17159.0,21,3,1538.88,4,4,4,444,1,Loyal Customers
17160.0,30,6,3518.03,4,5,5,455,1,Loyal Customers
17162.0,28,10,1715.46,4,5,4,454,1,Loyal Customers
17163.0,21,2,293.1,4,3,2,432,0,New Customers
17164.0,32,7,2467.35,4,5,5,455,1,Loyal Customers
17165.0,283,1,158.68,1,2,1,121,2,Lost Customers
17166.0,38,2,206.34,3,3,1,331,0,New Customers
17169.0,57,2,835.78,3,3,3,333,4,At Risk
17171.0,288,1,224.91,1,2,1,121,2,Lost Customers
17172.0,78,1,317.76,2,2,2,222,2,Lost Customers
17173.0,4,8,3766.6,5,5,5,555,1,Loyal Customers
17174.0,217,1,59.9,1,2,1,121,2,Lost Customers
17175.0,43,4,1443.69,3,4,4,344,4,At Risk
17176.0,201,1,306.13,1,2,2,122,2,Lost Customers
17179.0,177,3,711.79,2,4,3,243,4,At Risk
17180.0,55,4,796.03,3,4,3,343,4,At Risk
17181.0,56,2,239.92000000000002,3,3,1,331,0,New Customers
17183.0,7,6,3347.31,5,5,5,555,1,Loyal Customers
17186.0,46,2,144.0,3,3,1,331,0,New Customers
17187.0,226,1,203.95,1,2,1,121,2,Lost Customers
17188.0,10,7,2474.23,5,5,5,555,1,Loyal Customers
17189.0,105,2,384.40000000000003,2,3,2,232,2,Lost Customers
17190.0,58,2,444.74,3,3,2,332,0,New Customers
17191.0,27,7,2095.13,4,5,5,455,1,Loyal Customers
17193.0,35,7,1699.3000000000002,3,5,4,354,1,Loyal Customers
17194.0,273,2,262.62,1,3,2,132,2,Lost Customers
17197.0,29,1,1013.01,4,2,4,424,0,New Customers
17198.0,23,3,692.22,4,4,3,443,0,New Customers
17201.0,53,1,342.63,3,2,2,322,0,New Customers
17203.0,35,6,3563.85,3,5,5,355,1,Loyal Customers
17204.0,174,4,1564.56,2,4,4,244,4,At Risk
17205.0,53,1,384.08,3,2,2,322,0,New Customers
17206.0,52,1,204.24,3,2,1,321,0,New Customers
17211.0,26,8,2317.2200000000003,4,5,5,455,1,Loyal Customers
17212.0,252,1,226.85,1,2,1,121,2,Lost Customers
17213.0,39,7,2781.23,3,5,5,355,1,Loyal Customers
17214.0,59,6,1069.1200000000001,3,5,4,354,4,At Risk
17217.0,233,1,113.5,1,2,1,121,2,Lost Customers
17218.0,3,10,1960.72,5,5,4,554,1,Loyal Customers
17219.0,31,1,114.23,4,2,1,421,0,New Customers
17220.0,23,14,3198.25,4,5,5,455,3,champions
17221.0,6,2,335.13,5,3,2,532,0,New Customers
17222.0,64,1,354.15,3,2,2,322,0,New Customers
17223.0,309,2,426.79,1,3,2,132,2,Lost Customers
17226.0,308,1,393.49,1,2,2,122,2,Lost Customers
17227.0,18,6,939.32,4,5,3,453,1,Loyal Customers
17228.0,15,8,1906.09,4,5,4,454,1,Loyal Customers
17229.0,95,2,318.76,2,3,2,232,2,Lost Customers
17230.0,263,8,3638.41,1,5,5,155,4,At Risk
17231.0,11,10,3174.32,5,5,5,555,1,Loyal Customers
17232.0,2,2,421.52,5,3,2,532,0,New Customers
17233.0,34,1,190.88,3,2,1,321,0,New Customers
17234.0,182,1,149.89000000000001,1,2,1,121,2,Lost Customers
17235.0,24,2,550.06,4,3,3,433,0,New Customers
17236.0,12,6,916.13,5,5,3,553,1,Loyal Customers
17237.0,10,2,314.69,5,3,2,532,0,New Customers
17238.0,2,17,3744.65,5,5,5,555,3,champions
17239.0,312,1,382.5,1,2,2,122,2,Lost Customers
17242.0,107,2,1135.04,2,3,4,234,4,At Risk
17243.0,0,26,8676.85,5,5,5,555,3,champions
17244.0,52,1,954.9,3,2,4,324,4,At Risk
17245.0,204,1,171.45,1,2,1,121,2,Lost Customers
17247.0,14,1,282.19,4,2,2,422,0,New Customers
17248.0,119,1,318.65,2,2,2,222,2,Lost Customers
17250.0,3,2,384.52,5,3,2,532,0,New Customers
17251.0,362,1,283.28000000000003,1,2,2,122,2,Lost Customers
17252.0,116,2,353.86,2,3,2,232,2,Lost Customers
17253.0,17,1,178.26,4,2,1,421,0,New Customers
17254.0,4,2,272.44,5,3,2,532,0,New Customers
17255.0,40,2,298.41,3,3,2,332,0,New Customers
17256.0,106,2,240.0,2,3,1,231,2,Lost Customers
17259.0,147,2,603.37,2,3,3,233,4,At Risk
17262.0,51,5,1253.3600000000001,3,4,4,344,4,At Risk
17263.0,207,1,63.440000000000005,1,2,1,121,2,Lost Customers
17265.0,138,2,562.9,2,3,3,233,4,At Risk
17266.0,1,3,310.64,5,4,2,542,0,New Customers
17267.0,126,2,317.62,2,3,2,232,2,Lost Customers
17268.0,107,4,763.64,2,4,3,243,4,At Risk
17272.0,41,4,2148.63,3,4,5,345,4,At Risk
17274.0,34,1,111.97999999999999,3,2,1,321,0,New Customers
17277.0,227,2,1065.3500000000001,1,3,4,134,4,At Risk
17278.0,240,1,246.04,1,2,1,121,2,Lost Customers
17279.0,57,1,187.82999999999998,3,2,1,321,2,Lost Customers
17282.0,129,3,1703.41,2,4,4,244,4,At Risk
17284.0,59,6,1652.58,3,5,4,354,4,At Risk
17286.0,21,1,153.92,4,2,1,421,0,New Customers
17287.0,25,7,1064.11,4,5,4,454,1,Loyal Customers
17288.0,8,7,1419.73,5,5,4,554,1,Loyal Customers
17289.0,31,3,944.41,4,4,4,444,4,At Risk
17290.0,3,2,525.24,5,3,3,533,0,New Customers
17291.0,307,1,550.8000000000001,1,2,3,123,2,Lost Customers
17293.0,7,9,1875.1100000000001,5,5,4,554,1,Loyal Customers
17295.0,28,3,556.95,4,4,3,443,0,New Customers
17297.0,16,1,131.78,4,2,1,421,0,New Customers
17298.0,100,2,498.42,2,3,3,233,4,At Risk
17299.0,11,4,669.11,5,4,3,543,1,Loyal Customers
17301.0,20,1,197.63,4,2,1,421,0,New Customers
17302.0,14,5,1135.63,4,4,4,444,1,Loyal Customers
17303.0,360,1,250.04,1,2,1,121,2,Lost Customers
17306.0,10,19,8631.31,5,5,5,555,3,champions
17309.0,94,1,82.75,2,2,1,221,2,Lost Customers
17311.0,77,2,1384.85,2,3,4,234,4,At Risk
17312.0,138,3,644.3,2,4,3,243,4,At Risk
17313.0,30,1,2328.84,4,2,5,425,4,At Risk
17314.0,24,8,2527.92,4,5,5,455,1,Loyal Customers
17315.0,1,38,6292.26,5,5,5,555,3,champions
17317.0,45,3,2600.34,3,4,5,345,4,At Risk
17320.0,99,3,1200.6200000000001,2,4,4,244,4,At Risk
17321.0,7,2,700.86,5,3,3,533,0,New Customers
17323.0,14,7,921.07,4,5,3,453,1,Loyal Customers
17324.0,17,4,990.23,4,4,4,444,1,Loyal Customers
17325.0,279,1,96.8,1,2,1,121,2,Lost Customers
17329.0,13,2,523.11,4,3,3,433,0,New Customers
17330.0,22,2,363.9,4,3,2,432,0,New Customers
17331.0,123,1,175.2,2,2,1,221,2,Lost Customers
17333.0,85,1,494.25,2,2,3,223,2,Lost Customers
17334.0,301,2,307.02,1,3,2,132,2,Lost Customers
17337.0,150,4,2027.8700000000001,2,4,4,244,4,At Risk
17338.0,16,8,6643.93,4,5,5,455,1,Loyal Customers
17339.0,93,2,243.36,2,3,1,231,2,Lost Customers
17340.0,29,11,12353.29,4,5,5,455,3,champions
17341.0,156,3,781.36,2,4,3,243,4,At Risk
17343.0,354,1,193.64,1,2,1,121,2,Lost Customers
17344.0,45,1,160.57,3,2,1,321,0,New Customers
17345.0,14,4,537.74,4,4,3,443,1,Loyal Customers
17346.0,3,15,2676.56,5,5,5,555,3,champions
17347.0,85,1,228.96,2,2,1,221,2,Lost Customers
17348.0,14,5,1159.52,4,4,4,444,1,Loyal Customers
17349.0,178,1,110.75,2,2,1,221,2,Lost Customers
17350.0,7,4,1286.07,5,4,4,544,1,Loyal Customers
17351.0,35,3,587.15,3,4,3,343,4,At Risk
17353.0,128,2,1740.0,2,3,4,234,4,At Risk
17354.0,50,1,1393.06,3,2,4,324,4,At Risk
17356.0,311,1,178.22,1,2,1,121,2,Lost Customers
17357.0,23,2,388.14,4,3,2,432,0,New Customers
17358.0,302,2,365.85,1,3,2,132,2,Lost Customers
17359.0,10,1,127.86,5,2,1,521,0,New Customers
17360.0,16,3,585.79,4,4,3,443,0,New Customers
17361.0,48,3,488.2,3,4,2,342,4,At Risk
17362.0,238,2,312.23,1,3,2,132,2,Lost Customers
17364.0,0,11,4481.18,5,5,5,555,3,champions
17365.0,12,8,4801.56,5,5,5,555,1,Loyal Customers
17367.0,237,1,168.4,1,2,1,121,2,Lost Customers
17368.0,22,8,1912.67,4,5,4,454,1,Loyal Customers
17370.0,72,4,446.18,2,4,2,242,4,At Risk
17371.0,16,3,423.89,4,4,2,442,0,New Customers
17372.0,40,8,1342.68,3,5,4,354,1,Loyal Customers
17373.0,39,4,646.92,3,4,3,343,4,At Risk
17374.0,218,2,495.77,1,3,3,133,2,Lost Customers
17375.0,198,3,400.1,1,4,2,142,2,Lost Customers
17376.0,70,2,203.2,3,3,1,331,2,Lost Customers
17377.0,23,20,4100.92,4,5,5,455,3,champions
17379.0,10,1,404.66,5,2,2,522,0,New Customers
17381.0,8,29,20275.61,5,5,5,555,3,champions
17382.0,64,1,65.4,3,2,1,321,2,Lost Customers
17383.0,3,1,199.29,5,2,1,521,0,New Customers
17384.0,18,2,336.4,4,3,2,432,0,New Customers
17385.0,14,1,261.11,4,2,2,422,0,New Customers
17386.0,7,6,2686.42,5,5,5,555,1,Loyal Customers
17387.0,19,2,784.11,4,3,3,433,0,New Customers
17388.0,77,4,1259.56,2,4,4,244,4,At Risk
17389.0,0,34,31833.68,5,5,5,555,3,champions
17391.0,163,2,508.8,2,3,3,233,2,Lost Customers
17392.0,306,2,457.91,1,3,2,132,2,Lost Customers
17394.0,218,1,203.86999999999998,1,2,1,121,2,Lost Customers
17396.0,38,8,7330.8,3,5,5,355,1,Loyal Customers
17397.0,21,2,696.41,4,3,3,433,0,New Customers
17398.0,114,3,653.38,2,4,3,243,4,At Risk
17400.0,125,5,2129.96,2,4,5,245,4,At Risk
17402.0,4,13,2633.85,5,5,5,555,3,champions
17403.0,35,1,281.62,3,2,2,322,0,New Customers
17404.0,3,15,31906.82,5,5,5,555,3,champions
17405.0,0,3,1031.41,5,4,4,544,1,Loyal Customers
17406.0,332,3,2200.42,1,4,5,145,4,At Risk
17408.0,162,1,32.65,2,2,1,221,2,Lost Customers
17409.0,184,2,771.85,1,3,3,133,4,At Risk
17410.0,15,5,1214.72,4,4,4,444,1,Loyal Customers
17411.0,11,3,778.94,5,4,3,543,1,Loyal Customers
17412.0,2,7,1258.06,5,5,4,554,1,Loyal Customers
17414.0,43,2,778.0,3,3,3,333,4,At Risk
17415.0,79,1,507.84,2,2,3,223,2,Lost Customers
17416.0,29,7,6893.42,4,5,5,455,1,Loyal Customers
17418.0,41,2,463.46000000000004,3,3,2,332,0,New Customers
17419.0,10,12,4226.57,5,5,5,555,3,champions
17420.0,49,3,598.83,3,4,3,343,4,At Risk
17422.0,15,6,1979.37,4,5,4,454,1,Loyal Customers
17423.0,45,2,698.41,3,3,3,333,4,At Risk
17425.0,18,2,759.17,4,3,3,433,0,New Customers
17426.0,7,6,5037.26,5,5,5,555,1,Loyal Customers
17427.0,71,1,100.8,3,2,1,321,2,Lost Customers
17428.0,0,28,17256.85,5,5,5,555,3,champions
17429.0,127,3,524.9200000000001,2,4,3,243,4,At Risk
17430.0,32,2,265.76,4,3,2,432,0,New Customers
17431.0,312,1,403.3,1,2,2,122,2,Lost Customers
17432.0,17,2,365.76,4,3,2,432,0,New Customers
17433.0,87,1,303.15999999999997,2,2,2,222,2,Lost Customers
17434.0,1,7,2373.82,5,5,5,555,1,Loyal Customers
17436.0,1,2,216.29999999999998,5,3,1,531,0,New Customers
17438.0,253,1,388.45000000000005,1,2,2,122,2,Lost Customers
17440.0,156,3,186.42000000000002,2,4,1,241,2,Lost Customers
17442.0,36,6,2248.56,3,5,5,355,1,Loyal Customers
17443.0,219,1,534.24,1,2,3,123,2,Lost Customers
17444.0,147,3,2940.04,2,4,5,245,4,At Risk
17446.0,176,2,120.9,2,3,1,231,2,Lost Customers
17447.0,39,2,541.53,3,3,3,333,0,New Customers
17449.0,1,7,2520.86,5,5,5,555,1,Loyal Customers
17450.0,7,46,194550.79,5,5,5,555,3,champions
17451.0,0,7,1721.4,5,5,4,554,1,Loyal Customers
17453.0,17,2,486.71999999999997,4,3,2,432,0,New Customers
17454.0,191,4,517.53,1,4,3,143,4,At Risk
17455.0,203,1,131.7,1,2,1,121,2,Lost Customers
17456.0,364,1,249.86,1,2,1,121,2,Lost Customers
17457.0,126,5,1737.7,2,4,4,244,4,At Risk
17458.0,14,1,316.5,4,2,2,422,0,New Customers
17459.0,42,2,657.3,3,3,3,333,4,At Risk
17460.0,93,6,622.4300000000001,2,5,3,253,4,At Risk
17461.0,22,3,757.46,4,4,3,443,0,New Customers
17462.0,59,2,675.69,3,3,3,333,4,At Risk
17463.0,15,5,1896.41,4,4,4,444,1,Loyal Customers
17464.0,157,1,289.96000000000004,2,2,2,222,2,Lost Customers
17466.0,9,2,763.28,5,3,3,533,0,New Customers
17468.0,9,2,137.0,5,3,1,531,0,New Customers
17469.0,15,5,1870.97,4,4,4,444,1,Loyal Customers
17470.0,44,5,1125.07,3,4,4,344,4,At Risk
17472.0,190,3,710.29,1,4,3,143,4,At Risk
17475.0,78,1,194.37,2,2,1,221,2,Lost Customers
17480.0,77,1,511.82,2,2,3,223,2,Lost Customers
17481.0,3,4,1255.59,5,4,4,544,1,Loyal Customers
17483.0,64,3,414.04,3,4,2,342,4,At Risk
17486.0,260,1,396.87,1,2,2,122,2,Lost Customers
17489.0,58,2,376.64,3,3,2,332,0,New Customers
17490.0,0,7,2092.32,5,5,5,555,1,Loyal Customers
17491.0,0,10,3558.87,5,5,5,555,3,champions
17492.0,247,1,374.57,1,2,2,122,2,Lost Customers
17495.0,7,2,497.56,5,3,3,533,0,New Customers
17496.0,358,1,271.05,1,2,2,122,2,Lost Customers
17498.0,75,1,272.22,2,2,2,222,2,Lost Customers
17499.0,289,1,622.88,1,2,3,123,2,Lost Customers
17500.0,16,3,1138.0,4,4,4,444,1,Loyal Customers
17501.0,220,2,288.6,1,3,2,132,2,Lost Customers
17502.0,8,4,689.1,5,4,3,543,1,Loyal Customers
17503.0,2,2,558.96,5,3,3,533,0,New Customers
17504.0,205,9,2997.0299999999997,1,5,5,155,4,At Risk
17505.0,161,2,1145.84,2,3,4,234,4,At Risk
17506.0,75,1,302.2,2,2,2,222,2,Lost Customers
17507.0,261,2,605.58,1,3,3,133,2,Lost Customers
17508.0,280,1,387.31,1,2,2,122,2,Lost Customers
17509.0,57,8,6115.14,3,5,5,355,1,Loyal Customers
17510.0,24,1,308.48,4,2,2,422,0,New Customers
17511.0,2,31,91062.38,5,5,5,555,3,champions
17512.0,28,10,2924.9900000000002,4,5,5,455,1,Loyal Customers
17513.0,71,1,513.2,3,2,3,323,2,Lost Customers
17514.0,127,1,208.65,2,2,1,221,2,Lost Customers
17515.0,30,4,639.02,4,4,3,443,4,At Risk
17516.0,14,5,768.08,4,4,3,443,1,Loyal Customers
17517.0,308,1,153.94,1,2,1,121,2,Lost Customers
17519.0,16,6,1844.02,4,5,4,454,1,Loyal Customers
17520.0,53,1,546.81,3,2,3,323,0,New Customers
17521.0,29,3,723.2099999999999,4,4,3,443,4,At Risk
17522.0,1,5,1070.71,5,4,4,544,1,Loyal Customers
17523.0,10,4,652.74,5,4,3,543,1,Loyal Customers
17524.0,360,1,145.0,1,2,1,121,2,Lost Customers
17525.0,359,1,422.70000000000005,1,2,2,122,2,Lost Customers
17526.0,4,4,1195.8999999999999,5,4,4,544,1,Loyal Customers
17527.0,53,4,939.37,3,4,3,343,4,At Risk
17528.0,0,8,3628.5,5,5,5,555,3,champions
17530.0,0,10,2385.0,5,5,5,555,3,champions
17531.0,189,1,296.7,1,2,2,122,2,Lost Customers
17534.0,53,1,223.36,3,2,1,321,0,New Customers
17535.0,279,1,164.4,1,2,1,121,2,Lost Customers
17536.0,176,1,76.5,2,2,1,221,2,Lost Customers
17537.0,29,2,897.62,4,3,3,433,0,New Customers
17538.0,25,1,98.42,4,2,1,421,0,New Customers
17540.0,24,2,578.9,4,3,3,433,0,New Customers
17542.0,269,1,170.75,1,2,1,121,2,Lost Customers
17545.0,42,3,645.96,3,4,3,343,4,At Risk
17548.0,233,1,103.3,1,2,1,121,2,Lost Customers
17549.0,23,2,148.86,4,3,1,431,0,New Customers
17550.0,196,3,267.16,1,4,2,142,2,Lost Customers
17551.0,358,1,306.84,1,2,2,122,2,Lost Customers
17552.0,59,4,930.41,3,4,3,343,4,At Risk
17553.0,129,1,1487.6,2,2,4,224,4,At Risk
17554.0,0,5,1952.45,5,4,4,544,1,Loyal Customers
17555.0,19,2,483.26,4,3,2,432,0,New Customers
17556.0,205,1,157.9,1,2,1,121,2,Lost Customers
17557.0,13,3,541.46,4,4,3,443,0,New Customers
17560.0,94,4,854.95,2,4,3,243,4,At Risk
17561.0,18,1,167.62,4,2,1,421,0,New Customers
17562.0,13,7,1122.38,4,5,4,454,1,Loyal Customers
17564.0,23,3,454.01,4,4,2,442,0,New Customers
17566.0,7,2,901.21,5,3,3,533,0,New Customers
17567.0,6,8,4331.48,5,5,5,555,1,Loyal Customers
17569.0,331,1,344.14,1,2,2,122,2,Lost Customers
17571.0,49,4,1498.51,3,4,4,344,4,At Risk
17572.0,70,4,226.75000000000003,3,4,1,341,4,At Risk
17573.0,28,3,380.6,4,4,2,442,0,New Customers
17574.0,242,1,185.65,1,2,1,121,2,Lost Customers
17576.0,7,19,3622.68,5,5,5,555,3,champions
17578.0,217,1,143.45999999999998,1,2,1,121,2,Lost Customers
17579.0,4,3,448.90000000000003,5,4,2,542,0,New Customers
17580.0,252,3,215.72,1,4,1,141,2,Lost Customers
17581.0,0,25,11045.04,5,5,5,555,3,champions
17582.0,235,1,175.27,1,2,1,121,2,Lost Customers
17584.0,6,2,1242.3,5,3,4,534,1,Loyal Customers
17585.0,108,4,1133.07,2,4,4,244,4,At Risk
17588.0,99,3,1240.2,2,4,4,244,4,At Risk
17589.0,59,4,2404.17,3,4,5,345,4,At Risk
17590.0,1,3,1479.22,5,4,4,544,1,Loyal Customers
17591.0,72,7,2225.9700000000003,2,5,5,255,4,At Risk
17593.0,3,5,3927.34,5,4,5,545,1,Loyal Customers
17594.0,84,2,993.18,2,3,4,234,4,At Risk
17595.0,11,2,388.79,5,3,2,532,0,New Customers
17596.0,22,7,2827.93,4,5,5,455,1,Loyal Customers
17597.0,213,1,2044.3700000000001,1,2,4,124,4,At Risk
17600.0,17,1,161.67000000000002,4,2,1,421,0,New Customers
17601.0,238,1,116.00999999999999,1,2,1,121,2,Lost Customers
17602.0,1,6,5102.97,5,5,5,555,1,Loyal Customers
17603.0,77,1,394.72,2,2,2,222,2,Lost Customers
17604.0,216,2,309.36,1,3,2,132,2,Lost Customers
17608.0,32,2,193.42,4,3,1,431,0,New Customers
17609.0,40,5,1112.22,3,4,4,344,4,At Risk
17611.0,6,15,3984.22,5,5,5,555,3,champions
17612.0,52,6,2048.45,3,5,4,354,1,Loyal Customers
17613.0,22,14,4559.150000000001,4,5,5,455,3,champions
17614.0,56,1,390.07,3,2,2,322,0,New Customers
17615.0,129,3,329.6,2,4,2,242,2,Lost Customers
17616.0,173,3,571.1999999999999,2,4,3,243,4,At Risk
17618.0,5,3,971.58,5,4,4,544,1,Loyal Customers
17619.0,311,1,218.52,1,2,1,121,2,Lost Customers
17620.0,59,1,81.44,3,2,1,321,2,Lost Customers
17621.0,20,3,1379.9,4,4,4,444,1,Loyal Customers
17623.0,32,1,527.0500000000001,4,2,3,423,0,New Customers
17624.0,14,2,843.48,4,3,3,433,0,New Customers
17625.0,17,4,2047.0,4,4,4,444,1,Loyal Customers
17628.0,80,1,75.75,2,2,1,221,2,Lost Customers
17629.0,5,8,1814.12,5,5,4,554,1,Loyal Customers
17630.0,169,2,503.59999999999997,2,3,3,233,2,Lost Customers
17631.0,1,3,528.33,5,4,3,543,1,Loyal Customers
17633.0,30,4,1324.84,4,4,4,444,1,Loyal Customers
17634.0,35,9,2361.9700000000003,3,5,5,355,1,Loyal Customers
17636.0,18,1,285.56,4,2,2,422,0,New Customers
17637.0,30,2,547.0600000000001,4,3,3,433,0,New Customers
17639.0,275,1,108.5,1,2,1,121,2,Lost Customers
17640.0,86,1,621.66,2,2,3,223,2,Lost Customers
17642.0,119,2,712.29,2,3,3,233,4,At Risk
17643.0,372,1,101.55,1,2,1,121,2,Lost Customers
17644.0,0,11,2895.64,5,5,5,555,3,champions
17646.0,218,3,1008.39,1,4,4,144,4,At Risk
17647.0,64,1,133.06,3,2,1,321,2,Lost Customers
17648.0,60,4,1797.5,3,4,4,344,4,At Risk
17649.0,137,1,868.49,2,2,3,223,4,At Risk
17650.0,20,1,166.08,4,2,1,421,0,New Customers
17651.0,11,10,3945.0,5,5,5,555,3,champions
17652.0,24,12,4867.72,4,5,5,455,3,champions
17653.0,36,4,1207.56,3,4,4,344,4,At Risk
17654.0,276,1,117.55,1,2,1,121,2,Lost Customers
17655.0,10,7,2638.94,5,5,5,555,1,Loyal Customers
17656.0,72,5,1674.69,2,4,4,244,4,At Risk
17658.0,25,2,595.42,4,3,3,433,0,New Customers
17659.0,16,12,2999.46,4,5,5,455,3,champions
17660.0,140,1,196.0,2,2,1,221,2,Lost Customers
17663.0,25,7,1802.91,4,5,4,454,1,Loyal Customers
17664.0,18,2,604.64,4,3,3,433,0,New Customers
17666.0,3,2,728.16,5,3,3,533,0,New Customers
17667.0,65,5,2055.51,3,4,4,344,4,At Risk
17668.0,0,2,347.75,5,3,2,532,0,New Customers
17669.0,42,7,3406.7200000000003,3,5,5,355,1,Loyal Customers
17670.0,227,1,205.7,1,2,1,121,2,Lost Customers
17671.0,15,4,1572.71,4,4,4,444,1,Loyal Customers
17672.0,49,2,3178.17,3,3,5,335,4,At Risk
17673.0,1,6,1629.12,5,5,4,554,1,Loyal Customers
17674.0,73,2,551.04,2,3,3,233,4,At Risk
17675.0,0,31,20374.28,5,5,5,555,3,champions
17676.0,3,6,1387.68,5,5,4,554,1,Loyal Customers
17677.0,1,30,16363.23,5,5,5,555,3,champions
17678.0,263,1,298.11,1,2,2,122,2,Lost Customers
17679.0,52,2,1992.1100000000001,3,3,4,334,4,At Risk
17680.0,23,1,184.4,4,2,1,421,0,New Customers
17682.0,9,6,2474.33,5,5,5,555,1,Loyal Customers
17684.0,43,1,239.41,3,2,1,321,0,New Customers
17685.0,16,7,3191.53,4,5,5,455,1,Loyal Customers
17686.0,6,7,5739.46,5,5,5,555,1,Loyal Customers
17690.0,29,15,4757.95,4,5,5,455,3,champions
17691.0,357,2,290.40000000000003,1,3,2,132,2,Lost Customers
17692.0,126,4,740.9399999999999,2,4,3,243,4,At Risk
17693.0,136,1,200.47,2,2,1,221,2,Lost Customers
17694.0,141,1,283.12,2,2,2,222,2,Lost Customers
17695.0,131,2,765.34,2,3,3,233,4,At Risk
17696.0,37,8,2285.71,3,5,5,355,1,Loyal Customers
17697.0,235,1,338.95,1,2,2,122,2,Lost Customers
17698.0,260,1,154.95,1,2,1,121,2,Lost Customers
17700.0,16,4,2534.64,4,4,5,445,1,Loyal Customers
17701.0,252,1,417.95,1,2,2,122,2,Lost Customers
17702.0,29,4,1824.37,4,4,4,444,1,Loyal Customers
17703.0,34,3,798.74,3,4,3,343,4,At Risk
17704.0,168,2,885.19,2,3,3,233,4,At Risk
17705.0,2,9,1823.52,5,5,4,554,1,Loyal Customers
17706.0,3,17,10504.49,5,5,5,555,3,champions
17707.0,184,2,152.4,1,3,1,131,2,Lost Customers
17708.0,187,2,267.08,1,3,2,132,2,Lost Customers
17709.0,169,1,137.45,2,2,1,221,2,Lost Customers
17711.0,10,2,385.1,5,3,2,532,0,New Customers
17712.0,44,1,522.91,3,2,3,323,0,New Customers
17714.0,320,1,153.0,1,2,1,121,2,Lost Customers
17715.0,200,1,326.4,1,2,2,122,2,Lost Customers
17716.0,22,11,5655.99,4,5,5,455,3,champions
17718.0,231,1,139.35,1,2,1,121,2,Lost Customers
17719.0,37,15,5396.04,3,5,5,355,3,champions
17720.0,25,4,1195.94,4,4,4,444,1,Loyal Customers
17722.0,95,4,2424.04,2,4,5,245,4,At Risk
17723.0,126,6,3276.4000000000005,2,5,5,255,4,At Risk
17724.0,70,3,1033.0,3,4,4,344,4,At Risk
17725.0,15,11,3439.08,4,5,5,455,3,champions
17727.0,14,1,1060.25,4,2,4,424,0,New Customers
17728.0,3,3,2876.01,5,4,5,545,1,Loyal Customers
17730.0,2,13,5298.4800000000005,5,5,5,555,3,champions
17731.0,78,4,1240.11,2,4,4,244,4,At Risk
17732.0,372,1,303.97,1,2,2,122,2,Lost Customers
17733.0,38,2,692.19,3,3,3,333,0,New Customers
17734.0,53,3,700.63,3,4,3,343,4,At Risk
17735.0,1,19,13110.02,5,5,5,555,3,champions
17736.0,8,3,377.44,5,4,2,542,0,New Customers
17737.0,8,2,168.24,5,3,1,531,0,New Customers
17738.0,18,4,1879.05,4,4,4,444,1,Loyal Customers
17739.0,11,7,2791.35,5,5,5,555,1,Loyal Customers
17742.0,112,2,355.11,2,3,2,232,2,Lost Customers
17744.0,3,6,2322.4,5,5,5,555,1,Loyal Customers
17746.0,239,1,110.25,1,2,1,121,2,Lost Customers
17747.0,112,1,71.4,2,2,1,221,2,Lost Customers
17749.0,177,2,674.52,2,3,3,233,4,At Risk
17750.0,4,9,1797.57,5,5,4,554,1,Loyal Customers
17752.0,358,1,80.64,1,2,1,121,2,Lost Customers
17754.0,0,5,1772.26,5,4,4,544,1,Loyal Customers
17757.0,0,30,5605.29,5,5,5,555,3,champions
17758.0,18,8,3456.7000000000003,4,5,5,455,1,Loyal Customers
17759.0,16,3,834.99,4,4,3,443,1,Loyal Customers
17760.0,21,2,287.59,4,3,2,432,0,New Customers
17761.0,32,1,712.78,4,2,3,423,0,New Customers
17763.0,262,1,15.0,1,2,1,121,2,Lost Customers
17764.0,50,2,818.8199999999999,3,3,3,333,4,At Risk
17765.0,158,3,371.88,2,4,2,242,4,At Risk
17767.0,14,1,271.2,4,2,2,422,0,New Customers
17768.0,7,3,2273.1800000000003,5,4,5,545,1,Loyal Customers
17769.0,12,10,3997.98,5,5,5,555,3,champions
17770.0,198,5,1143.27,1,4,4,144,4,At Risk
17771.0,56,2,245.81,3,3,1,331,0,New Customers
17772.0,10,2,182.77,5,3,1,531,0,New Customers
17774.0,96,4,1225.41,2,4,4,244,4,At Risk
17775.0,254,1,56.4,1,2,1,121,2,Lost Customers
17777.0,24,3,665.86,4,4,3,443,0,New Customers
17779.0,20,3,658.57,4,4,3,443,0,New Customers
17781.0,158,2,188.02,2,3,1,231,2,Lost Customers
17783.0,71,2,283.47,3,3,2,332,2,Lost Customers
17785.0,52,1,131.94,3,2,1,321,0,New Customers
17786.0,84,2,278.74,2,3,2,232,2,Lost Customers
17787.0,152,4,1865.19,2,4,4,244,4,At Risk
17788.0,73,2,1117.9,2,3,4,234,4,At Risk
17789.0,280,1,225.9,1,2,1,121,2,Lost Customers
17790.0,26,14,1965.55,4,5,4,454,1,Loyal Customers
17791.0,29,1,106.1,4,2,1,421,0,New Customers
17793.0,24,1,323.04,4,2,2,422,0,New Customers
17795.0,179,2,350.39,1,3,2,132,2,Lost Customers
17796.0,39,4,697.9,3,4,3,343,4,At Risk
17797.0,21,3,780.43,4,4,3,443,0,New Customers
17799.0,21,10,3055.93,4,5,5,455,1,Loyal Customers
17800.0,36,9,1199.01,3,5,4,354,1,Loyal Customers
17802.0,81,3,1285.04,2,4,4,244,4,At Risk
17805.0,73,1,512.31,2,2,3,223,2,Lost Customers
17806.0,10,1,546.04,5,2,3,523,0,New Customers
17809.0,15,12,5411.91,4,5,5,455,3,champions
17811.0,3,39,7837.7300000000005,5,5,5,555,3,champions
17812.0,12,4,732.16,5,4,3,543,1,Loyal Customers
17813.0,13,5,1770.8799999999999,4,4,4,444,1,Loyal Customers
17816.0,36,4,36.56,3,4,1,341,0,New Customers
17817.0,3,3,387.68,5,4,2,542,0,New Customers
17819.0,71,7,3704.87,3,5,5,355,1,Loyal Customers
17824.0,50,1,298.4,3,2,2,322,0,New Customers
17827.0,4,5,1995.46,5,4,4,544,1,Loyal Customers
17828.0,22,4,1820.09,4,4,4,444,1,Loyal Customers
17829.0,298,1,889.24,1,2,3,123,2,Lost Customers
17830.0,1,3,398.7,5,4,2,542,0,New Customers
17831.0,32,1,35.400000000000006,4,2,1,421,0,New Customers
17832.0,49,1,155.37,3,2,1,321,0,New Customers
17835.0,2,3,350.64,5,4,2,542,0,New Customers
17836.0,46,1,110.21000000000001,3,2,1,321,0,New Customers
17837.0,41,8,1593.38,3,5,4,354,1,Loyal Customers
17838.0,26,5,2779.3,4,4,5,445,1,Loyal Customers
17839.0,41,1,338.8,3,2,2,322,0,New Customers
17841.0,1,124,40991.57,5,5,5,555,3,champions
17843.0,302,1,205.48,1,2,1,121,2,Lost Customers
17844.0,106,1,51.559999999999995,2,2,1,221,2,Lost Customers
17846.0,84,1,2033.1,2,2,4,224,4,At Risk
17848.0,80,9,901.1999999999999,2,5,3,253,4,At Risk
17849.0,217,4,605.8000000000001,1,4,3,143,4,At Risk
17850.0,371,34,5391.21,1,5,5,155,3,champions
17852.0,11,2,114.34,5,3,1,531,0,New Customers
17854.0,184,2,311.26,1,3,2,132,2,Lost Customers
17855.0,372,1,208.97,1,2,1,121,2,Lost Customers
17856.0,1,4,1418.03,5,4,4,544,1,Loyal Customers
17857.0,3,23,26879.04,5,5,5,555,3,champions
17858.0,5,12,5155.66,5,5,5,555,3,champions
17859.0,304,1,148.21,1,2,1,121,2,Lost Customers
17860.0,368,1,252.8,1,2,2,122,2,Lost Customers
17861.0,2,8,2100.8,5,5,5,555,1,Loyal Customers
17862.0,323,1,330.9,1,2,2,122,2,Lost Customers
17863.0,58,6,3160.0,3,5,5,355,1,Loyal Customers
17864.0,12,3,597.5,5,4,3,543,0,New Customers
17865.0,30,20,10526.32,4,5,5,455,3,champions
17866.0,142,1,329.65,2,2,2,222,2,Lost Customers
17867.0,29,6,1197.1000000000001,4,5,4,454,1,Loyal Customers
17869.0,106,5,428.18,2,4,2,242,4,At Risk
17870.0,1,12,1894.35,5,5,4,554,3,champions
17871.0,204,1,155.9,1,2,1,121,2,Lost Customers
17873.0,79,5,1859.16,2,4,4,244,4,At Risk
17874.0,184,6,683.46,1,5,3,153,4,At Risk
17877.0,169,1,237.61,2,2,1,221,2,Lost Customers
17878.0,43,1,379.45,3,2,2,322,0,New Customers
17879.0,173,1,178.51999999999998,2,2,1,221,2,Lost Customers
17880.0,364,1,458.92,1,2,2,122,2,Lost Customers
17881.0,303,1,133.35000000000002,1,2,1,121,2,Lost Customers
17883.0,2,4,671.77,5,4,3,543,1,Loyal Customers
17884.0,3,4,717.45,5,4,3,543,1,Loyal Customers
17885.0,11,1,190.19,5,2,1,521,0,New Customers
17886.0,31,3,899.61,4,4,3,443,4,At Risk
17887.0,128,1,111.35,2,2,1,221,2,Lost Customers
17888.0,20,8,726.05,4,5,3,453,1,Loyal Customers
17889.0,211,2,203.87,1,3,1,131,2,Lost Customers
17890.0,322,2,602.09,1,3,3,133,2,Lost Customers
17891.0,161,1,203.85999999999999,2,2,1,221,2,Lost Customers
17892.0,55,3,244.1,3,4,1,341,0,New Customers
17893.0,224,1,112.25,1,2,1,121,2,Lost Customers
17894.0,71,8,1119.81,3,5,4,354,4,At Risk
17895.0,43,1,98.0,3,2,1,321,0,New Customers
17896.0,22,1,256.32,4,2,2,422,0,New Customers
17897.0,172,3,566.6,2,4,3,243,4,At Risk
17898.0,84,2,152.06,2,3,1,231,2,Lost Customers
17899.0,158,1,155.8,2,2,1,221,2,Lost Customers
17900.0,189,2,112.19999999999999,1,3,1,131,2,Lost Customers
17901.0,28,1,110.38,4,2,1,421,0,New Customers
17904.0,20,1,191.67,4,2,1,421,0,New Customers
17905.0,70,4,800.24,3,4,3,343,4,At Risk
17906.0,246,1,72.9,1,2,1,121,2,Lost Customers
17908.0,373,1,243.28,1,2,1,121,2,Lost Customers
17911.0,8,1,366.23,5,2,2,522,0,New Customers
17912.0,309,5,311.01,1,4,2,142,4,At Risk
17913.0,58,2,411.6,3,3,2,332,0,New Customers
17914.0,3,1,336.43,5,2,2,522,0,New Customers
17917.0,44,3,341.28,3,4,2,342,0,New Customers
17919.0,87,1,1304.04,2,2,4,224,4,At Risk
17920.0,3,17,4204.1,5,5,5,555,3,champions
17921.0,63,4,826.52,3,4,3,343,4,At Risk
17923.0,281,1,207.50000000000003,1,2,1,121,2,Lost Customers
17924.0,11,7,2962.5,5,5,5,555,1,Loyal Customers
17925.0,372,1,244.08,1,2,1,121,2,Lost Customers
17926.0,132,2,397.29,2,3,2,232,2,Lost Customers
17928.0,44,2,212.54,3,3,1,331,0,New Customers
17929.0,10,4,843.0,5,4,3,543,1,Loyal Customers
17930.0,35,5,1740.48,3,4,4,344,1,Loyal Customers
17931.0,133,2,408.36,2,3,2,232,2,Lost Customers
17932.0,28,3,1331.57,4,4,4,444,4,At Risk
17934.0,51,2,704.25,3,3,3,333,4,At Risk
17935.0,137,2,145.79,2,3,1,231,2,Lost Customers
17936.0,4,1,389.84,5,2,2,522,0,New Customers
17937.0,8,7,4301.22,5,5,5,555,1,Loyal Customers
17939.0,159,1,99.14,2,2,1,221,2,Lost Customers
17940.0,48,10,4106.4400000000005,3,5,5,355,1,Loyal Customers
17941.0,130,1,304.56,2,2,2,222,2,Lost Customers
17942.0,7,1,77.50000000000001,5,2,1,521,0,New Customers
17946.0,232,2,149.57999999999998,1,3,1,131,2,Lost Customers
17947.0,36,1,176.68,3,2,1,321,0,New Customers
17948.0,146,1,358.56000000000006,2,2,2,222,2,Lost Customers
17949.0,0,45,58510.48,5,5,5,555,3,champions
17950.0,71,3,482.2,3,4,2,342,4,At Risk
17951.0,39,3,1008.5400000000001,3,4,4,344,4,At Risk
17954.0,4,12,2332.72,5,5,5,555,3,champions
17955.0,198,4,557.3,1,4,3,143,4,At Risk
17956.0,248,1,12.75,1,2,1,121,2,Lost Customers
17957.0,65,1,111.68,3,2,1,321,2,Lost Customers
17958.0,116,1,508.4599999999999,2,2,3,223,2,Lost Customers
17960.0,170,1,73.78,2,2,1,221,2,Lost Customers
17961.0,20,39,1296.44,4,5,4,454,3,champions
17962.0,141,1,102.83,2,2,1,221,2,Lost Customers
17964.0,31,2,471.7,4,3,2,432,0,New Customers
17965.0,37,14,2622.57,3,5,5,355,1,Loyal Customers
17966.0,37,5,1098.43,3,4,4,344,1,Loyal Customers
17967.0,371,1,123.07,1,2,1,121,2,Lost Customers
17968.0,373,1,277.35,1,2,2,122,2,Lost Customers
17969.0,165,2,228.2,2,3,1,231,2,Lost Customers
17970.0,210,1,582.59,1,2,3,123,2,Lost Customers
17972.0,241,1,136.04,1,2,1,121,2,Lost Customers
17973.0,51,1,337.04,3,2,2,322,0,New Customers
17974.0,24,3,740.79,4,4,3,443,0,New Customers
17975.0,14,13,4488.81,4,5,5,455,3,champions
17976.0,371,1,353.19,1,2,2,122,2,Lost Customers
17977.0,28,1,288.14,4,2,2,422,0,New Customers
17978.0,364,1,300.91999999999996,1,2,2,122,2,Lost Customers
17979.0,35,4,757.71,3,4,3,343,4,At Risk
17980.0,165,3,811.45,2,4,3,243,4,At Risk
17984.0,144,1,152.68,2,2,1,221,2,Lost Customers
17985.0,21,1,634.95,4,2,3,423,0,New Customers
17986.0,55,1,20.8,3,2,1,321,2,Lost Customers
17987.0,184,1,198.57,1,2,1,121,2,Lost Customers
17988.0,11,7,201.12,5,5,1,551,1,Loyal Customers
17990.0,236,3,630.84,1,4,3,143,4,At Risk
17991.0,224,2,93.35,1,3,1,131,2,Lost Customers
17994.0,121,4,678.49,2,4,3,243,4,At Risk
17995.0,281,1,76.1,1,2,1,121,2,Lost Customers
17997.0,73,8,1970.6699999999998,2,5,4,254,4,At Risk
17999.0,36,2,382.06,3,3,2,332,0,New Customers
18001.0,11,2,417.23,5,3,2,532,0,New Customers
18004.0,361,1,169.47,1,2,1,121,2,Lost Customers
18005.0,3,2,249.72,5,3,1,531,0,New Customers
18006.0,22,1,444.68,4,2,2,422,0,New Customers
18008.0,69,9,2116.19,3,5,5,355,1,Loyal Customers
18009.0,234,1,257.34,1,2,2,122,2,Lost Customers
18010.0,256,1,174.8,1,2,1,121,2,Lost Customers
18011.0,372,1,102.78999999999999,1,2,1,121,2,Lost Customers
18013.0,154,2,187.29,2,3,1,231,2,Lost Customers
18014.0,27,1,166.42,4,2,1,421,0,New Customers
18015.0,3,1,120.03,5,2,1,521,0,New Customers
18016.0,31,5,1483.56,4,4,4,444,1,Loyal Customers
18017.0,80,3,523.0,2,4,3,243,4,At Risk
18018.0,107,2,122.14,2,3,1,231,2,Lost Customers
18019.0,51,1,38.45,3,2,1,321,2,Lost Customers
18022.0,35,1,668.11,3,2,3,323,0,New Customers
18024.0,152,2,389.78,2,3,2,232,2,Lost Customers
18027.0,98,1,115.31,2,2,1,221,2,Lost Customers
18030.0,3,2,230.64999999999998,5,3,1,531,0,New Customers
18032.0,333,1,73.5,1,2,1,121,2,Lost Customers
18033.0,64,1,97.97,3,2,1,321,2,Lost Customers
18034.0,21,2,422.88,4,3,2,432,0,New Customers
18035.0,35,3,730.4,3,4,3,343,4,At Risk
18036.0,31,3,405.62,4,4,2,442,0,New Customers
18037.0,153,6,70.02,2,5,1,251,2,Lost Customers
18040.0,18,2,357.20000000000005,4,3,2,432,0,New Customers
18041.0,11,21,4183.39,5,5,5,555,3,champions
18042.0,53,1,165.04999999999998,3,2,1,321,0,New Customers
18043.0,24,3,559.51,4,4,3,443,0,New Customers
18044.0,3,10,2088.6,5,5,5,555,1,Loyal Customers
18045.0,44,1,189.4,3,2,1,321,0,New Customers
18048.0,202,2,172.29000000000002,1,3,1,131,2,Lost Customers
18050.0,358,1,74.4,1,2,1,121,2,Lost Customers
18053.0,70,1,300.02,3,2,2,322,2,Lost Customers
18055.0,6,10,6784.1900000000005,5,5,5,555,3,champions
18056.0,287,1,363.65,1,2,2,122,2,Lost Customers
18058.0,9,1,170.16,5,2,1,521,0,New Customers
18059.0,22,3,306.46,4,4,2,442,0,New Customers
18061.0,21,10,2119.41,4,5,5,455,1,Loyal Customers
18062.0,172,3,720.52,2,4,3,243,4,At Risk
18064.0,132,2,814.0,2,3,3,233,4,At Risk
18065.0,5,14,2392.83,5,5,5,555,3,champions
18066.0,74,1,318.0,2,2,2,222,2,Lost Customers
18067.0,39,1,396.33,3,2,2,322,0,New Customers
18068.0,288,1,101.69999999999999,1,2,1,121,2,Lost Customers
18069.0,25,5,2036.67,4,4,4,444,1,Loyal Customers
18071.0,257,2,453.0,1,3,2,132,2,Lost Customers
18072.0,185,1,247.44,1,2,1,121,2,Lost Customers
18073.0,113,12,3877.5200000000004,2,5,5,255,1,Loyal Customers
18074.0,373,1,489.6,1,2,2,122,2,Lost Customers
18075.0,22,10,2611.75,4,5,5,455,1,Loyal Customers
18077.0,7,11,2633.0099999999998,5,5,5,555,1,Loyal Customers
18078.0,216,2,336.13,1,3,2,132,2,Lost Customers
18079.0,44,4,3651.97,3,4,5,345,1,Loyal Customers
18080.0,18,2,1231.5,4,3,4,434,0,New Customers
18081.0,35,3,343.45,3,4,2,342,0,New Customers
18082.0,25,1,703.37,4,2,3,423,0,New Customers
18084.0,15,1,90.47999999999999,4,2,1,421,0,New Customers
18085.0,329,2,689.95,1,3,3,133,2,Lost Customers
18086.0,273,1,101.34,1,2,1,121,2,Lost Customers
18087.0,97,2,4055.7199999999993,2,3,5,235,4,At Risk
18088.0,60,1,167.67000000000002,3,2,1,321,2,Lost Customers
18092.0,1,11,9068.26,5,5,5,555,3,champions
18093.0,92,4,2106.52,2,4,5,245,4,At Risk
18094.0,81,7,3017.3,2,5,5,255,4,At Risk
18095.0,312,2,580.0500000000001,1,3,3,133,2,Lost Customers
18096.0,11,3,911.15,5,4,3,543,1,Loyal Customers
18097.0,7,6,2697.8,5,5,5,555,1,Loyal Customers
18099.0,126,1,168.31,2,2,1,221,2,Lost Customers
18101.0,10,2,223.65,5,3,1,531,0,New Customers
18102.0,0,60,259657.3,5,5,5,555,3,champions
18104.0,36,1,754.64,3,2,3,323,0,New Customers
18105.0,37,1,113.48000000000002,3,2,1,321,0,New Customers
18106.0,329,1,430.7,1,2,2,122,2,Lost Customers
18108.0,253,1,271.0,1,2,2,122,2,Lost Customers
18109.0,1,26,8052.97,5,5,5,555,3,champions
18110.0,19,1,236.3,4,2,1,421,0,New Customers
18112.0,11,2,352.69,5,3,2,532,0,New Customers
18113.0,368,1,76.32000000000001,1,2,1,121,2,Lost Customers
18114.0,289,1,220.1,1,2,1,121,2,Lost Customers
18116.0,67,8,1418.03,3,5,4,354,4,At Risk
18117.0,25,1,320.72,4,2,2,422,0,New Customers
18118.0,10,26,5653.82,5,5,5,555,3,champions
18119.0,367,1,181.12,1,2,1,121,2,Lost Customers
18120.0,213,1,111.15,1,2,1,121,2,Lost Customers
18121.0,148,2,673.1,2,3,3,233,4,At Risk
18122.0,7,6,1826.21,5,5,4,554,1,Loyal Customers
18123.0,23,2,589.4399999999999,4,3,3,433,0,New Customers
18125.0,29,4,1142.99,4,4,4,444,1,Loyal Customers
18126.0,60,1,206.82999999999998,3,2,1,321,2,Lost Customers
18127.0,18,3,348.73,4,4,2,442,0,New Customers
18129.0,242,1,112.55000000000001,1,2,1,121,2,Lost Customers
18130.0,14,3,1059.39,4,4,4,444,1,Loyal Customers
18133.0,211,1,931.4999999999999,1,2,3,123,2,Lost Customers
18135.0,28,5,681.9100000000001,4,4,3,443,1,Loyal Customers
18136.0,62,3,784.33,3,4,3,343,4,At Risk
18138.0,294,1,152.65,1,2,1,121,2,Lost Customers
18139.0,17,6,8438.34,4,5,5,455,1,Loyal Customers
18142.0,156,2,1019.52,2,3,4,234,4,At Risk
18143.0,116,2,1000.16,2,3,4,234,4,At Risk
18144.0,7,12,2888.75,5,5,5,555,3,champions
18145.0,12,4,2861.55,5,4,5,545,1,Loyal Customers
18146.0,140,2,160.35000000000002,2,3,1,231,2,Lost Customers
18147.0,45,2,179.33999999999997,3,3,1,331,0,New Customers
18149.0,50,3,612.0799999999999,3,4,3,343,4,At Risk
18150.0,31,3,566.58,4,4,3,443,0,New Customers
18151.0,134,2,653.35,2,3,3,233,4,At Risk
18154.0,2,2,399.19,5,3,2,532,0,New Customers
18155.0,74,3,371.62,2,4,2,242,4,At Risk
18156.0,12,2,734.94,5,3,3,533,0,New Customers
18158.0,8,2,453.4,5,3,2,532,0,New Customers
18159.0,300,1,530.15,1,2,3,123,2,Lost Customers
18160.0,56,2,638.0600000000001,3,3,3,333,4,At Risk
18161.0,14,5,1618.69,4,4,4,444,1,Loyal Customers
18164.0,36,1,399.65000000000003,3,2,2,322,0,New Customers
18165.0,176,1,302.46000000000004,2,2,2,222,2,Lost Customers
18167.0,22,3,1384.8600000000001,4,4,4,444,1,Loyal Customers
18168.0,175,6,1169.94,2,5,4,254,4,At Risk
18169.0,60,1,202.65,3,2,1,321,2,Lost Customers
18170.0,32,3,980.31,4,4,4,444,4,At Risk
18171.0,58,5,1231.31,3,4,4,344,4,At Risk
18172.0,14,20,7561.68,4,5,5,455,3,champions
18173.0,86,4,2106.84,2,4,5,245,4,At Risk
18174.0,6,1,104.0,5,2,1,521,0,New Customers
18176.0,357,1,476.35,1,2,2,122,2,Lost Customers
18177.0,30,6,1341.42,4,5,4,454,1,Loyal Customers
18178.0,128,4,1590.81,2,4,4,244,4,At Risk
18179.0,8,6,1793.17,5,5,4,554,1,Loyal Customers
18180.0,4,6,1843.75,5,5,4,554,1,Loyal Customers
18181.0,23,1,382.8,4,2,2,422,0,New Customers
18183.0,226,2,632.07,1,3,3,133,4,At Risk
18184.0,14,1,49.8,4,2,1,421,0,New Customers
18185.0,248,1,304.25,1,2,2,122,2,Lost Customers
18188.0,14,3,2001.04,4,4,4,444,1,Loyal Customers
18189.0,77,2,1090.24,2,3,4,234,4,At Risk
18190.0,191,2,284.46000000000004,1,3,2,132,2,Lost Customers
18191.0,261,1,207.79999999999998,1,2,1,121,2,Lost Customers
18192.0,71,1,957.97,3,2,4,324,4,At Risk
18193.0,164,1,243.76,2,2,1,221,2,Lost Customers
18194.0,81,1,973.8399999999999,2,2,4,224,4,At Risk
18196.0,94,2,689.13,2,3,3,233,4,At Risk
18198.0,3,17,5425.56,5,5,5,555,3,champions
18200.0,105,1,163.8,2,2,1,221,2,Lost Customers
18202.0,199,3,1396.99,1,4,4,144,4,At Risk
18203.0,156,1,160.42000000000002,2,2,1,221,2,Lost Customers
18204.0,70,3,1993.7,3,4,4,344,4,At Risk
18205.0,35,2,517.36,3,3,3,333,0,New Customers
18209.0,28,1,139.10000000000002,4,2,1,421,0,New Customers
18210.0,1,6,2621.38,5,5,5,555,1,Loyal Customers
18211.0,25,5,600.07,4,4,3,443,1,Loyal Customers
18212.0,325,1,248.42,1,2,1,121,2,Lost Customers
18213.0,236,1,232.48000000000002,1,2,1,121,2,Lost Customers
18215.0,88,1,299.34000000000003,2,2,2,222,2,Lost Customers
18216.0,30,1,481.75,4,2,2,422,0,New Customers
18217.0,28,2,621.75,4,3,3,433,0,New Customers
18218.0,210,2,662.08,1,3,3,133,4,At Risk
18219.0,2,10,2069.77,5,5,5,555,1,Loyal Customers
18220.0,226,1,305.28000000000003,1,2,2,122,2,Lost Customers
18221.0,21,5,1041.61,4,4,4,444,1,Loyal Customers
18222.0,92,1,443.0,2,2,2,222,2,Lost Customers
18223.0,4,14,6484.54,5,5,5,555,3,champions
18224.0,263,1,158.95000000000002,1,2,1,121,2,Lost Customers
18225.0,2,12,5509.12,5,5,5,555,3,champions
18226.0,43,11,5228.05,3,5,5,355,3,champions
18227.0,217,1,93.75,1,2,1,121,2,Lost Customers
18228.0,56,2,779.9,3,3,3,333,4,At Risk
18229.0,11,20,7276.900000000001,5,5,5,555,3,champions
18230.0,8,7,2810.2000000000003,5,5,5,555,1,Loyal Customers
18231.0,191,5,2083.27,1,4,5,145,4,At Risk
18232.0,81,4,592.97,2,4,3,243,4,At Risk
18233.0,325,1,440.0,1,2,2,122,2,Lost Customers
18235.0,71,3,1796.48,3,4,4,344,4,At Risk
18236.0,29,6,882.24,4,5,3,453,1,Loyal Customers
18237.0,2,5,987.1,5,4,4,544,1,Loyal Customers
18239.0,218,5,1561.6100000000001,1,4,4,144,4,At Risk
18240.0,45,1,422.58,3,2,2,322,0,New Customers
18241.0,9,17,2073.09,5,5,5,555,3,champions
18242.0,71,4,2232.4900000000002,3,4,5,345,4,At Risk
18245.0,6,7,2567.06,5,5,5,555,1,Loyal Customers
18246.0,23,2,596.1,4,3,3,433,0,New Customers
18248.0,122,2,804.02,2,3,3,233,4,At Risk
18249.0,16,1,95.34,4,2,1,421,0,New Customers
18250.0,309,1,349.27,1,2,2,122,2,Lost Customers
18251.0,86,1,4314.72,2,2,5,225,4,At Risk
18252.0,50,2,526.67,3,3,3,333,0,New Customers
18255.0,88,1,103.3,2,2,1,221,2,Lost Customers
18257.0,38,8,2337.63,3,5,5,355,1,Loyal Customers
18259.0,24,3,2338.6000000000004,4,4,5,445,1,Loyal Customers
18260.0,172,6,2643.2000000000003,2,5,5,255,4,At Risk
18261.0,42,2,324.24,3,3,2,332,0,New Customers
18262.0,139,1,149.48,2,2,1,221,2,Lost Customers
18263.0,25,3,1213.1599999999999,4,4,4,444,4,At Risk
18265.0,71,2,801.51,3,3,3,333,4,At Risk
18268.0,133,1,25.5,2,2,1,221,2,Lost Customers
18269.0,365,1,168.6,1,2,1,121,2,Lost Customers
18270.0,37,2,283.15,3,3,2,332,0,New Customers
18272.0,2,6,3078.58,5,5,5,555,1,Loyal Customers
18273.0,1,3,204.0,5,4,1,541,0,New Customers
18274.0,29,1,175.92,4,2,1,421,0,New Customers
18276.0,43,1,335.86,3,2,2,322,0,New Customers
18277.0,57,1,110.38,3,2,1,321,2,Lost Customers
18278.0,73,1,173.9,2,2,1,221,2,Lost Customers
18280.0,277,1,180.60000000000002,1,2,1,121,2,Lost Customers
18281.0,180,1,80.82,1,2,1,121,2,Lost Customers
18282.0,7,2,178.05,5,3,1,531,0,New Customers
18283.0,3,16,2094.88,5,5,5,555,3,champions
18287.0,42,3,1837.28,3,4,4,344,4,At Risk
